2025-09-18 23:33:44,877 DEBUG Getting pods in namespace: sock-shop
2025-09-18 23:33:44,967 DEBUG Pod: name=carts-db-594b68dc85-p6tql, parsed=carts-db, pod_uid=b304d576-6edb-4ff6-a07f-eaa033bc5b3a
2025-09-18 23:33:44,967 DEBUG Pod: name=carts-f4f6c98b9-5jxlx, parsed=carts, pod_uid=6a3f7134-7cba-4257-b53f-f6f0989e0dea
2025-09-18 23:33:44,967 DEBUG Pod: name=catalogue-6d8b8988d-nxxt6, parsed=catalogue, pod_uid=af578001-485c-4699-ab65-6fc70ca33398
2025-09-18 23:33:44,967 DEBUG Pod: name=catalogue-db-5c796cfb68-2qjhn, parsed=catalogue-db, pod_uid=57454a65-eeaf-42df-886d-f41817d0b814
2025-09-18 23:33:44,967 DEBUG Pod: name=front-end-55c969566c-kq7k6, parsed=front-end, pod_uid=16626943-01a1-484c-8793-a07db25c2d63
2025-09-18 23:33:44,967 DEBUG Pod: name=orders-685d756fb5-bbdmz, parsed=orders, pod_uid=fbdd3ffc-6dba-4f0f-a8bb-aea7ee7a1bea
2025-09-18 23:33:44,967 DEBUG Pod: name=orders-db-67c8d5f459-8tc8p, parsed=orders-db, pod_uid=f5a2ed84-abe6-4eac-80e3-739513fb108b
2025-09-18 23:33:44,968 DEBUG Pod: name=payment-56bcfc857f-tqwn5, parsed=payment, pod_uid=18ff70b7-5d8e-44be-836d-5888c2aea222
2025-09-18 23:33:44,968 DEBUG Pod: name=queue-master-5f4477db4c-p8zn2, parsed=queue-master, pod_uid=f279ec16-c1a3-498d-9b6d-6ca0d38e1518
2025-09-18 23:33:44,968 DEBUG Pod: name=rabbitmq-97cbcbdbc-chmqw, parsed=rabbitmq, pod_uid=d893b450-c0a6-4fb2-9f65-b322c4008155
2025-09-18 23:33:44,968 DEBUG Pod: name=session-db-67c8bfcb9c-df74h, parsed=session-db, pod_uid=a68b489f-d3ec-40f1-8103-31ac0ead8044
2025-09-18 23:33:44,968 DEBUG Pod: name=shipping-5c7bc7f48f-vf96t, parsed=shipping, pod_uid=8918edcd-3864-4089-973b-47b9f9b0ff38
2025-09-18 23:33:44,968 DEBUG Pod: name=user-6776ddd957-9wdrg, parsed=user, pod_uid=ff3364f9-fbdd-4b7d-b847-38b57d422393
2025-09-18 23:33:44,968 DEBUG Pod: name=user-db-7dbb5fcd6f-58h8h, parsed=user-db, pod_uid=353964a0-5863-422e-88bb-5b53e0dd681b
2025-09-18 23:33:44,968 DEBUG Checking cgroup dir: /sys/fs/cgroup/cpu/kubepods.slice/kubepods-guaranteed.slice
2025-09-18 23:33:44,968 INFO [DEBUG] Cgroup dir /sys/fs/cgroup/cpu/kubepods.slice/kubepods-guaranteed.slice does not exist!
2025-09-18 23:33:44,968 DEBUG Checking cgroup dir: /sys/fs/cgroup/cpu/kubepods.slice/kubepods-burstable.slice
2025-09-18 23:33:44,968 INFO [DEBUG] Cgroup dir /sys/fs/cgroup/cpu/kubepods.slice/kubepods-burstable.slice does not exist!
2025-09-18 23:33:44,968 DEBUG Checking cgroup dir: /sys/fs/cgroup/cpu/kubepods.slice/kubepods-besteffort.slice
2025-09-18 23:33:44,968 INFO [DEBUG] Cgroup dir /sys/fs/cgroup/cpu/kubepods.slice/kubepods-besteffort.slice does not exist!
2025-09-18 23:33:44,968 DEBUG Docker fallback: scanning /sys/fs/cgroup/cpu/system.slice
2025-09-18 23:33:44,968 DEBUG All docker cgroups found:
2025-09-18 23:33:44,968 DEBUG No docker containers matched pod container IDs. You may need to adjust matching logic.
2025-09-18 23:33:44,968 DEBUG pod_map: {}
2025-09-18 23:33:45,050 INFO [WARNING] Cgroup v2 file missing for carts-db: checked ['/sys/fs/cgroup/kubepods-podcarts_db_594b68dc85_p6tql.slice/cri-containerd-93f823b587705a1436a297aa2a08de0023aa31129795a8209f676504aa301861.scope/cpu.max', '/sys/fs/cgroup/kubepods-podcarts_db_594b68dc85_p6tql.slice/docker-93f823b587705a1436a297aa2a08de0023aa31129795a8209f676504aa301861.scope/cpu.max', '/sys/fs/cgroup/kubepods-podcarts_db_594b68dc85_p6tql.slice/cpu.max', '/sys/fs/cgroup/cpu.max']
2025-09-18 23:33:45,050 INFO [WARNING] Cgroup file missing for carts-db: /sys/fs/cgroup/cpu.max
2025-09-18 23:33:45,050 INFO [WARNING] Cgroup v2 file missing for carts: checked ['/sys/fs/cgroup/kubepods-podcarts_f4f6c98b9_5jxlx.slice/cri-containerd-8910f745a950b274bd7d32b24770dcf4565ecb4e259ceccac0660a010e5d9b98.scope/cpu.max', '/sys/fs/cgroup/kubepods-podcarts_f4f6c98b9_5jxlx.slice/docker-8910f745a950b274bd7d32b24770dcf4565ecb4e259ceccac0660a010e5d9b98.scope/cpu.max', '/sys/fs/cgroup/kubepods-podcarts_f4f6c98b9_5jxlx.slice/cpu.max', '/sys/fs/cgroup/cpu.max']
2025-09-18 23:33:45,050 INFO [WARNING] Cgroup file missing for carts: /sys/fs/cgroup/cpu.max
2025-09-18 23:33:45,050 INFO [WARNING] Cgroup v2 file missing for catalogue: checked ['/sys/fs/cgroup/kubepods-podcatalogue_6d8b8988d_nxxt6.slice/cri-containerd-1246df0881c529bbc0bcf3d6eac5131ef87dc03539a3f105ff5509ba29c0b1ab.scope/cpu.max', '/sys/fs/cgroup/kubepods-podcatalogue_6d8b8988d_nxxt6.slice/docker-1246df0881c529bbc0bcf3d6eac5131ef87dc03539a3f105ff5509ba29c0b1ab.scope/cpu.max', '/sys/fs/cgroup/kubepods-podcatalogue_6d8b8988d_nxxt6.slice/cpu.max', '/sys/fs/cgroup/cpu.max']
2025-09-18 23:33:45,050 INFO [WARNING] Cgroup file missing for catalogue: /sys/fs/cgroup/cpu.max
2025-09-18 23:33:45,050 INFO [WARNING] Cgroup v2 file missing for catalogue-db: checked ['/sys/fs/cgroup/kubepods-podcatalogue_db_5c796cfb68_2qjhn.slice/cri-containerd-0682609df03964ca586b3d746ef209eb72f0dd416bacdef40c01bf7c6ac7b1e5.scope/cpu.max', '/sys/fs/cgroup/kubepods-podcatalogue_db_5c796cfb68_2qjhn.slice/docker-0682609df03964ca586b3d746ef209eb72f0dd416bacdef40c01bf7c6ac7b1e5.scope/cpu.max', '/sys/fs/cgroup/kubepods-podcatalogue_db_5c796cfb68_2qjhn.slice/cpu.max', '/sys/fs/cgroup/cpu.max']
2025-09-18 23:33:45,050 INFO [WARNING] Cgroup file missing for catalogue-db: /sys/fs/cgroup/cpu.max
2025-09-18 23:33:45,050 INFO [WARNING] Cgroup v2 file missing for front-end: checked ['/sys/fs/cgroup/kubepods-podfront_end_55c969566c_kq7k6.slice/cri-containerd-98c08f9ed4fe4360cdea81686b333bbd81ce81741a7ae70c11de1c94a9fe759b.scope/cpu.max', '/sys/fs/cgroup/kubepods-podfront_end_55c969566c_kq7k6.slice/docker-98c08f9ed4fe4360cdea81686b333bbd81ce81741a7ae70c11de1c94a9fe759b.scope/cpu.max', '/sys/fs/cgroup/kubepods-podfront_end_55c969566c_kq7k6.slice/cpu.max', '/sys/fs/cgroup/cpu.max']
2025-09-18 23:33:45,050 INFO [WARNING] Cgroup file missing for front-end: /sys/fs/cgroup/cpu.max
2025-09-18 23:33:45,050 INFO [WARNING] Cgroup v2 file missing for orders: checked ['/sys/fs/cgroup/kubepods-podorders_685d756fb5_bbdmz.slice/cri-containerd-228d087d76cead0d4ac98846926ed53cbef1997a3202acd356c8e972f57799ff.scope/cpu.max', '/sys/fs/cgroup/kubepods-podorders_685d756fb5_bbdmz.slice/docker-228d087d76cead0d4ac98846926ed53cbef1997a3202acd356c8e972f57799ff.scope/cpu.max', '/sys/fs/cgroup/kubepods-podorders_685d756fb5_bbdmz.slice/cpu.max', '/sys/fs/cgroup/cpu.max']
2025-09-18 23:33:45,050 INFO [WARNING] Cgroup file missing for orders: /sys/fs/cgroup/cpu.max
2025-09-18 23:33:45,051 INFO [WARNING] Cgroup v2 file missing for orders-db: checked ['/sys/fs/cgroup/kubepods-podorders_db_67c8d5f459_8tc8p.slice/cri-containerd-0bfee57dcdb71f0d330f6dfe5bd695ac6e6215d0b57b2b1ce8ca3cb6cadac9c8.scope/cpu.max', '/sys/fs/cgroup/kubepods-podorders_db_67c8d5f459_8tc8p.slice/docker-0bfee57dcdb71f0d330f6dfe5bd695ac6e6215d0b57b2b1ce8ca3cb6cadac9c8.scope/cpu.max', '/sys/fs/cgroup/kubepods-podorders_db_67c8d5f459_8tc8p.slice/cpu.max', '/sys/fs/cgroup/cpu.max']
2025-09-18 23:33:45,051 INFO [WARNING] Cgroup file missing for orders-db: /sys/fs/cgroup/cpu.max
2025-09-18 23:33:45,051 INFO [WARNING] Cgroup v2 file missing for payment: checked ['/sys/fs/cgroup/kubepods-podpayment_56bcfc857f_tqwn5.slice/cri-containerd-c786d912307e244f6fefb1aad94b827e1f57e0b4b75d437a2feb733cb1095d8d.scope/cpu.max', '/sys/fs/cgroup/kubepods-podpayment_56bcfc857f_tqwn5.slice/docker-c786d912307e244f6fefb1aad94b827e1f57e0b4b75d437a2feb733cb1095d8d.scope/cpu.max', '/sys/fs/cgroup/kubepods-podpayment_56bcfc857f_tqwn5.slice/cpu.max', '/sys/fs/cgroup/cpu.max']
2025-09-18 23:33:45,051 INFO [WARNING] Cgroup file missing for payment: /sys/fs/cgroup/cpu.max
2025-09-18 23:33:45,051 INFO [WARNING] Cgroup v2 file missing for queue-master: checked ['/sys/fs/cgroup/kubepods-podqueue_master_5f4477db4c_p8zn2.slice/cri-containerd-6f2f21ab51cc47990bfc07b3e2bac232666ee4929e6b41bd6c904aa86f6c17cc.scope/cpu.max', '/sys/fs/cgroup/kubepods-podqueue_master_5f4477db4c_p8zn2.slice/docker-6f2f21ab51cc47990bfc07b3e2bac232666ee4929e6b41bd6c904aa86f6c17cc.scope/cpu.max', '/sys/fs/cgroup/kubepods-podqueue_master_5f4477db4c_p8zn2.slice/cpu.max', '/sys/fs/cgroup/cpu.max']
2025-09-18 23:33:45,051 INFO [WARNING] Cgroup file missing for queue-master: /sys/fs/cgroup/cpu.max
2025-09-18 23:33:45,051 INFO [WARNING] Cgroup v2 file missing for rabbitmq: checked ['/sys/fs/cgroup/kubepods-podrabbitmq_97cbcbdbc_chmqw.slice/cri-containerd-496cff63a9d2c8a9352b61f04a4cb7241a0c20764a0472c52740f05d750af3f6.scope/cpu.max', '/sys/fs/cgroup/kubepods-podrabbitmq_97cbcbdbc_chmqw.slice/docker-496cff63a9d2c8a9352b61f04a4cb7241a0c20764a0472c52740f05d750af3f6.scope/cpu.max', '/sys/fs/cgroup/kubepods-podrabbitmq_97cbcbdbc_chmqw.slice/cpu.max', '/sys/fs/cgroup/cpu.max']
2025-09-18 23:33:45,051 INFO [WARNING] Cgroup file missing for rabbitmq: /sys/fs/cgroup/cpu.max
2025-09-18 23:33:45,051 INFO [WARNING] Cgroup v2 file missing for session-db: checked ['/sys/fs/cgroup/kubepods-podsession_db_67c8bfcb9c_df74h.slice/cri-containerd-de7975e87e01bd97010f86108783589bca3fa40035d72847d5afa4453caac8d4.scope/cpu.max', '/sys/fs/cgroup/kubepods-podsession_db_67c8bfcb9c_df74h.slice/docker-de7975e87e01bd97010f86108783589bca3fa40035d72847d5afa4453caac8d4.scope/cpu.max', '/sys/fs/cgroup/kubepods-podsession_db_67c8bfcb9c_df74h.slice/cpu.max', '/sys/fs/cgroup/cpu.max']
2025-09-18 23:33:45,051 INFO [WARNING] Cgroup file missing for session-db: /sys/fs/cgroup/cpu.max
2025-09-18 23:33:45,051 INFO [WARNING] Cgroup v2 file missing for shipping: checked ['/sys/fs/cgroup/kubepods-podshipping_5c7bc7f48f_vf96t.slice/cri-containerd-46b907295aadd21bcc5f38a2e368531473f1c403dbe1f83867ed2a680c3234b4.scope/cpu.max', '/sys/fs/cgroup/kubepods-podshipping_5c7bc7f48f_vf96t.slice/docker-46b907295aadd21bcc5f38a2e368531473f1c403dbe1f83867ed2a680c3234b4.scope/cpu.max', '/sys/fs/cgroup/kubepods-podshipping_5c7bc7f48f_vf96t.slice/cpu.max', '/sys/fs/cgroup/cpu.max']
2025-09-18 23:33:45,051 INFO [WARNING] Cgroup file missing for shipping: /sys/fs/cgroup/cpu.max
2025-09-18 23:33:45,051 INFO [WARNING] Cgroup v2 file missing for user: checked ['/sys/fs/cgroup/kubepods-poduser_6776ddd957_9wdrg.slice/cri-containerd-1fbc371a98c84a273934be271217ce77d136bb2d0ef18731e2af28b22a65e5a7.scope/cpu.max', '/sys/fs/cgroup/kubepods-poduser_6776ddd957_9wdrg.slice/docker-1fbc371a98c84a273934be271217ce77d136bb2d0ef18731e2af28b22a65e5a7.scope/cpu.max', '/sys/fs/cgroup/kubepods-poduser_6776ddd957_9wdrg.slice/cpu.max', '/sys/fs/cgroup/cpu.max']
2025-09-18 23:33:45,051 INFO [WARNING] Cgroup file missing for user: /sys/fs/cgroup/cpu.max
2025-09-18 23:33:45,051 INFO [WARNING] Cgroup v2 file missing for user-db: checked ['/sys/fs/cgroup/kubepods-poduser_db_7dbb5fcd6f_58h8h.slice/cri-containerd-eddf038ea91bed41f0434af3e37c2acda2dba9fd62f902d4b8e5a8a3315ea2e0.scope/cpu.max', '/sys/fs/cgroup/kubepods-poduser_db_7dbb5fcd6f_58h8h.slice/docker-eddf038ea91bed41f0434af3e37c2acda2dba9fd62f902d4b8e5a8a3315ea2e0.scope/cpu.max', '/sys/fs/cgroup/kubepods-poduser_db_7dbb5fcd6f_58h8h.slice/cpu.max', '/sys/fs/cgroup/cpu.max']
2025-09-18 23:33:45,051 INFO [WARNING] Cgroup file missing for user-db: /sys/fs/cgroup/cpu.max
2025-09-18 23:33:45,052 INFO [WARNING] Cgroup v2 file missing for carts-db: checked ['/sys/fs/cgroup/kubepods-podcarts_db_594b68dc85_p6tql.slice/cri-containerd-93f823b587705a1436a297aa2a08de0023aa31129795a8209f676504aa301861.scope/cpu.max', '/sys/fs/cgroup/kubepods-podcarts_db_594b68dc85_p6tql.slice/docker-93f823b587705a1436a297aa2a08de0023aa31129795a8209f676504aa301861.scope/cpu.max', '/sys/fs/cgroup/kubepods-podcarts_db_594b68dc85_p6tql.slice/cpu.max', '/sys/fs/cgroup/cpu.max']
2025-09-18 23:33:45,052 WARNING carts-db: cpu.max not found
2025-09-18 23:33:45,052 INFO [WARNING] Cgroup v2 file missing for carts: checked ['/sys/fs/cgroup/kubepods-podcarts_f4f6c98b9_5jxlx.slice/cri-containerd-8910f745a950b274bd7d32b24770dcf4565ecb4e259ceccac0660a010e5d9b98.scope/cpu.max', '/sys/fs/cgroup/kubepods-podcarts_f4f6c98b9_5jxlx.slice/docker-8910f745a950b274bd7d32b24770dcf4565ecb4e259ceccac0660a010e5d9b98.scope/cpu.max', '/sys/fs/cgroup/kubepods-podcarts_f4f6c98b9_5jxlx.slice/cpu.max', '/sys/fs/cgroup/cpu.max']
2025-09-18 23:33:45,052 WARNING carts: cpu.max not found
2025-09-18 23:33:45,052 INFO [WARNING] Cgroup v2 file missing for catalogue: checked ['/sys/fs/cgroup/kubepods-podcatalogue_6d8b8988d_nxxt6.slice/cri-containerd-1246df0881c529bbc0bcf3d6eac5131ef87dc03539a3f105ff5509ba29c0b1ab.scope/cpu.max', '/sys/fs/cgroup/kubepods-podcatalogue_6d8b8988d_nxxt6.slice/docker-1246df0881c529bbc0bcf3d6eac5131ef87dc03539a3f105ff5509ba29c0b1ab.scope/cpu.max', '/sys/fs/cgroup/kubepods-podcatalogue_6d8b8988d_nxxt6.slice/cpu.max', '/sys/fs/cgroup/cpu.max']
2025-09-18 23:33:45,052 WARNING catalogue: cpu.max not found
2025-09-18 23:33:45,052 INFO [WARNING] Cgroup v2 file missing for catalogue-db: checked ['/sys/fs/cgroup/kubepods-podcatalogue_db_5c796cfb68_2qjhn.slice/cri-containerd-0682609df03964ca586b3d746ef209eb72f0dd416bacdef40c01bf7c6ac7b1e5.scope/cpu.max', '/sys/fs/cgroup/kubepods-podcatalogue_db_5c796cfb68_2qjhn.slice/docker-0682609df03964ca586b3d746ef209eb72f0dd416bacdef40c01bf7c6ac7b1e5.scope/cpu.max', '/sys/fs/cgroup/kubepods-podcatalogue_db_5c796cfb68_2qjhn.slice/cpu.max', '/sys/fs/cgroup/cpu.max']
2025-09-18 23:33:45,052 WARNING catalogue-db: cpu.max not found
2025-09-18 23:33:45,052 INFO [WARNING] Cgroup v2 file missing for front-end: checked ['/sys/fs/cgroup/kubepods-podfront_end_55c969566c_kq7k6.slice/cri-containerd-98c08f9ed4fe4360cdea81686b333bbd81ce81741a7ae70c11de1c94a9fe759b.scope/cpu.max', '/sys/fs/cgroup/kubepods-podfront_end_55c969566c_kq7k6.slice/docker-98c08f9ed4fe4360cdea81686b333bbd81ce81741a7ae70c11de1c94a9fe759b.scope/cpu.max', '/sys/fs/cgroup/kubepods-podfront_end_55c969566c_kq7k6.slice/cpu.max', '/sys/fs/cgroup/cpu.max']
2025-09-18 23:33:45,052 WARNING front-end: cpu.max not found
2025-09-18 23:33:45,052 INFO [WARNING] Cgroup v2 file missing for orders: checked ['/sys/fs/cgroup/kubepods-podorders_685d756fb5_bbdmz.slice/cri-containerd-228d087d76cead0d4ac98846926ed53cbef1997a3202acd356c8e972f57799ff.scope/cpu.max', '/sys/fs/cgroup/kubepods-podorders_685d756fb5_bbdmz.slice/docker-228d087d76cead0d4ac98846926ed53cbef1997a3202acd356c8e972f57799ff.scope/cpu.max', '/sys/fs/cgroup/kubepods-podorders_685d756fb5_bbdmz.slice/cpu.max', '/sys/fs/cgroup/cpu.max']
2025-09-18 23:33:45,052 WARNING orders: cpu.max not found
2025-09-18 23:33:45,052 INFO [WARNING] Cgroup v2 file missing for orders-db: checked ['/sys/fs/cgroup/kubepods-podorders_db_67c8d5f459_8tc8p.slice/cri-containerd-0bfee57dcdb71f0d330f6dfe5bd695ac6e6215d0b57b2b1ce8ca3cb6cadac9c8.scope/cpu.max', '/sys/fs/cgroup/kubepods-podorders_db_67c8d5f459_8tc8p.slice/docker-0bfee57dcdb71f0d330f6dfe5bd695ac6e6215d0b57b2b1ce8ca3cb6cadac9c8.scope/cpu.max', '/sys/fs/cgroup/kubepods-podorders_db_67c8d5f459_8tc8p.slice/cpu.max', '/sys/fs/cgroup/cpu.max']
2025-09-18 23:33:45,052 WARNING orders-db: cpu.max not found
2025-09-18 23:33:45,052 INFO [WARNING] Cgroup v2 file missing for payment: checked ['/sys/fs/cgroup/kubepods-podpayment_56bcfc857f_tqwn5.slice/cri-containerd-c786d912307e244f6fefb1aad94b827e1f57e0b4b75d437a2feb733cb1095d8d.scope/cpu.max', '/sys/fs/cgroup/kubepods-podpayment_56bcfc857f_tqwn5.slice/docker-c786d912307e244f6fefb1aad94b827e1f57e0b4b75d437a2feb733cb1095d8d.scope/cpu.max', '/sys/fs/cgroup/kubepods-podpayment_56bcfc857f_tqwn5.slice/cpu.max', '/sys/fs/cgroup/cpu.max']
2025-09-18 23:33:45,052 WARNING payment: cpu.max not found
2025-09-18 23:33:45,052 INFO [WARNING] Cgroup v2 file missing for queue-master: checked ['/sys/fs/cgroup/kubepods-podqueue_master_5f4477db4c_p8zn2.slice/cri-containerd-6f2f21ab51cc47990bfc07b3e2bac232666ee4929e6b41bd6c904aa86f6c17cc.scope/cpu.max', '/sys/fs/cgroup/kubepods-podqueue_master_5f4477db4c_p8zn2.slice/docker-6f2f21ab51cc47990bfc07b3e2bac232666ee4929e6b41bd6c904aa86f6c17cc.scope/cpu.max', '/sys/fs/cgroup/kubepods-podqueue_master_5f4477db4c_p8zn2.slice/cpu.max', '/sys/fs/cgroup/cpu.max']
2025-09-18 23:33:45,052 WARNING queue-master: cpu.max not found
2025-09-18 23:33:45,053 INFO [WARNING] Cgroup v2 file missing for rabbitmq: checked ['/sys/fs/cgroup/kubepods-podrabbitmq_97cbcbdbc_chmqw.slice/cri-containerd-496cff63a9d2c8a9352b61f04a4cb7241a0c20764a0472c52740f05d750af3f6.scope/cpu.max', '/sys/fs/cgroup/kubepods-podrabbitmq_97cbcbdbc_chmqw.slice/docker-496cff63a9d2c8a9352b61f04a4cb7241a0c20764a0472c52740f05d750af3f6.scope/cpu.max', '/sys/fs/cgroup/kubepods-podrabbitmq_97cbcbdbc_chmqw.slice/cpu.max', '/sys/fs/cgroup/cpu.max']
2025-09-18 23:33:45,053 WARNING rabbitmq: cpu.max not found
2025-09-18 23:33:45,053 INFO [WARNING] Cgroup v2 file missing for session-db: checked ['/sys/fs/cgroup/kubepods-podsession_db_67c8bfcb9c_df74h.slice/cri-containerd-de7975e87e01bd97010f86108783589bca3fa40035d72847d5afa4453caac8d4.scope/cpu.max', '/sys/fs/cgroup/kubepods-podsession_db_67c8bfcb9c_df74h.slice/docker-de7975e87e01bd97010f86108783589bca3fa40035d72847d5afa4453caac8d4.scope/cpu.max', '/sys/fs/cgroup/kubepods-podsession_db_67c8bfcb9c_df74h.slice/cpu.max', '/sys/fs/cgroup/cpu.max']
2025-09-18 23:33:45,053 WARNING session-db: cpu.max not found
2025-09-18 23:33:45,053 INFO [WARNING] Cgroup v2 file missing for shipping: checked ['/sys/fs/cgroup/kubepods-podshipping_5c7bc7f48f_vf96t.slice/cri-containerd-46b907295aadd21bcc5f38a2e368531473f1c403dbe1f83867ed2a680c3234b4.scope/cpu.max', '/sys/fs/cgroup/kubepods-podshipping_5c7bc7f48f_vf96t.slice/docker-46b907295aadd21bcc5f38a2e368531473f1c403dbe1f83867ed2a680c3234b4.scope/cpu.max', '/sys/fs/cgroup/kubepods-podshipping_5c7bc7f48f_vf96t.slice/cpu.max', '/sys/fs/cgroup/cpu.max']
2025-09-18 23:33:45,053 WARNING shipping: cpu.max not found
2025-09-18 23:33:45,053 INFO [WARNING] Cgroup v2 file missing for user: checked ['/sys/fs/cgroup/kubepods-poduser_6776ddd957_9wdrg.slice/cri-containerd-1fbc371a98c84a273934be271217ce77d136bb2d0ef18731e2af28b22a65e5a7.scope/cpu.max', '/sys/fs/cgroup/kubepods-poduser_6776ddd957_9wdrg.slice/docker-1fbc371a98c84a273934be271217ce77d136bb2d0ef18731e2af28b22a65e5a7.scope/cpu.max', '/sys/fs/cgroup/kubepods-poduser_6776ddd957_9wdrg.slice/cpu.max', '/sys/fs/cgroup/cpu.max']
2025-09-18 23:33:45,053 WARNING user: cpu.max not found
2025-09-18 23:33:45,053 INFO [WARNING] Cgroup v2 file missing for user-db: checked ['/sys/fs/cgroup/kubepods-poduser_db_7dbb5fcd6f_58h8h.slice/cri-containerd-eddf038ea91bed41f0434af3e37c2acda2dba9fd62f902d4b8e5a8a3315ea2e0.scope/cpu.max', '/sys/fs/cgroup/kubepods-poduser_db_7dbb5fcd6f_58h8h.slice/docker-eddf038ea91bed41f0434af3e37c2acda2dba9fd62f902d4b8e5a8a3315ea2e0.scope/cpu.max', '/sys/fs/cgroup/kubepods-poduser_db_7dbb5fcd6f_58h8h.slice/cpu.max', '/sys/fs/cgroup/cpu.max']
2025-09-18 23:33:45,053 WARNING user-db: cpu.max not found
2025-09-18 23:38:56,050 INFO At 1408444.9399 sleeping for 0.5000 sec ...
2025-09-18 23:38:56,551 INFO At 1408445.4399 woke up
2025-09-18 23:38:56,557 INFO [WARNING] Cgroup v2 file missing for init.scope: /sys/fs/cgroup/user.slice/user-1000.slice/user@1000.service/init.scope/cpu.max
2025-09-18 23:38:56,557 INFO [WARNING] Cgroup v2 file missing for session-2.scope: /sys/fs/cgroup/user.slice/user-1000.slice/session-2.scope/cpu.max
2025-09-18 23:38:56,557 INFO [WARNING] Cgroup v2 file missing for session-467.scope: /sys/fs/cgroup/user.slice/user-1000.slice/session-467.scope/cpu.max
2025-09-18 23:38:56,557 INFO [WARNING] Cgroup v2 file missing for session-468.scope: /sys/fs/cgroup/user.slice/user-1000.slice/session-468.scope/cpu.max
2025-09-18 23:38:56,557 INFO [WARNING] Cgroup v2 file missing for session-1.scope: /sys/fs/cgroup/user.slice/user-1000.slice/session-1.scope/cpu.max
2025-09-18 23:38:56,557 INFO [WARNING] Cgroup v2 file missing for session-13.scope: /sys/fs/cgroup/user.slice/user-1000.slice/session-13.scope/cpu.max
2025-09-18 23:38:56,557 INFO [WARNING] Skipping init.scope: missing cpu.max
2025-09-18 23:38:56,557 INFO [WARNING] Skipping session-2.scope: missing cpu.max
2025-09-18 23:38:56,557 INFO [WARNING] Skipping session-467.scope: missing cpu.max
2025-09-18 23:38:56,557 INFO [WARNING] Skipping session-468.scope: missing cpu.max
2025-09-18 23:38:56,557 INFO [WARNING] Skipping session-1.scope: missing cpu.max
2025-09-18 23:38:56,557 INFO [WARNING] Skipping session-13.scope: missing cpu.max
2025-09-18 23:38:56,558 INFO At t=1408445.439882791 docker-2c33733f0ca9fc25b8bb24d1aa0287e7f2db80bf0443edf5a54ce6a22f1c8dfc.scope error 'cpu_stat.throttled_time'
2025-09-18 23:38:56,558 INFO At t=1408445.439882791 cri-containerd-4c96bcb9ea5c3df6153fb2e276cb877bc294d0f0408088d0ad24f9b297426d00.scope error 'cpu_stat.throttled_time'
2025-09-18 23:38:56,558 INFO At t=1408445.439882791 cri-containerd-d4e908f069f96800cb5fed7d11cfc647885739658c62e7fdea5db22b327a11a4.scope error 'cpu_stat.throttled_time'
2025-09-18 23:38:56,558 INFO At t=1408445.439882791 docker-d9cf6ebc715d830fa464165ed6316a76e8c2b0cd5bfb673c8033f8269f9c9188.scope error 'cpu_stat.throttled_time'
2025-09-18 23:38:56,558 INFO At t=1408445.439882791 cri-containerd-dc0571845d4f8a279459c8749c12c4888be6b92fbd178da224f04470d5fa9579.scope error 'cpu_stat.throttled_time'
2025-09-18 23:38:56,558 INFO mean=0.0000, std=0.0000, Target core for docke=0.0000
2025-09-18 23:38:56,558 INFO mean=0.0000, std=0.0000, Target core for cri-c=0.0000
2025-09-18 23:38:56,558 INFO mean=0.0000, std=0.0000, Target core for cri-c=0.0000
2025-09-18 23:38:56,558 INFO mean=0.0000, std=0.0000, Target core for docke=0.0000
2025-09-18 23:38:56,558 INFO mean=0.0000, std=0.0000, Target core for cri-c=0.0000
2025-09-18 23:38:56,558 INFO At 1408445.4477 sleeping for 0.5000 sec ...
2025-09-18 23:38:57,059 INFO At 1408445.9477 woke up
2025-09-18 23:38:57,064 INFO [WARNING] Cgroup v2 file missing for init.scope: /sys/fs/cgroup/user.slice/user-1000.slice/user@1000.service/init.scope/cpu.max
2025-09-18 23:38:57,064 INFO [WARNING] Cgroup v2 file missing for session-2.scope: /sys/fs/cgroup/user.slice/user-1000.slice/session-2.scope/cpu.max
2025-09-18 23:38:57,065 INFO [WARNING] Cgroup v2 file missing for session-467.scope: /sys/fs/cgroup/user.slice/user-1000.slice/session-467.scope/cpu.max
2025-09-18 23:38:57,065 INFO [WARNING] Cgroup v2 file missing for session-468.scope: /sys/fs/cgroup/user.slice/user-1000.slice/session-468.scope/cpu.max
2025-09-18 23:38:57,065 INFO [WARNING] Cgroup v2 file missing for session-1.scope: /sys/fs/cgroup/user.slice/user-1000.slice/session-1.scope/cpu.max
2025-09-18 23:38:57,065 INFO [WARNING] Cgroup v2 file missing for session-13.scope: /sys/fs/cgroup/user.slice/user-1000.slice/session-13.scope/cpu.max
2025-09-18 23:38:57,065 INFO [WARNING] Skipping init.scope: missing cpu.max
2025-09-18 23:38:57,065 INFO [WARNING] Skipping session-2.scope: missing cpu.max
2025-09-18 23:38:57,065 INFO [WARNING] Skipping session-467.scope: missing cpu.max
2025-09-18 23:38:57,065 INFO [WARNING] Skipping session-468.scope: missing cpu.max
2025-09-18 23:38:57,065 INFO [WARNING] Skipping session-1.scope: missing cpu.max
2025-09-18 23:38:57,065 INFO [WARNING] Skipping session-13.scope: missing cpu.max
2025-09-18 23:38:57,065 INFO At t=1408445.947698385 docker-2c33733f0ca9fc25b8bb24d1aa0287e7f2db80bf0443edf5a54ce6a22f1c8dfc.scope error 'cpu_stat.throttled_time'
2025-09-18 23:38:57,065 INFO At t=1408445.947698385 cri-containerd-4c96bcb9ea5c3df6153fb2e276cb877bc294d0f0408088d0ad24f9b297426d00.scope error 'cpu_stat.throttled_time'
2025-09-18 23:38:57,065 INFO At t=1408445.947698385 cri-containerd-d4e908f069f96800cb5fed7d11cfc647885739658c62e7fdea5db22b327a11a4.scope error 'cpu_stat.throttled_time'
2025-09-18 23:38:57,065 INFO At t=1408445.947698385 docker-d9cf6ebc715d830fa464165ed6316a76e8c2b0cd5bfb673c8033f8269f9c9188.scope error 'cpu_stat.throttled_time'
2025-09-18 23:38:57,065 INFO At t=1408445.947698385 cri-containerd-dc0571845d4f8a279459c8749c12c4888be6b92fbd178da224f04470d5fa9579.scope error 'cpu_stat.throttled_time'
2025-09-18 23:38:57,065 INFO mean=0.0000, std=0.0000, Target core for docke=0.0000
2025-09-18 23:38:57,065 INFO mean=0.0000, std=0.0000, Target core for cri-c=0.0000
2025-09-18 23:38:57,065 INFO mean=0.0000, std=0.0000, Target core for cri-c=0.0000
2025-09-18 23:38:57,066 INFO mean=0.0000, std=0.0000, Target core for docke=0.0000
2025-09-18 23:38:57,066 INFO mean=0.0000, std=0.0000, Target core for cri-c=0.0000
2025-09-18 23:38:57,066 INFO At 1408445.9551 sleeping for 0.5000 sec ...
2025-09-18 23:38:57,566 INFO At 1408446.4551 woke up
2025-09-18 23:38:57,573 INFO [WARNING] Cgroup v2 file missing for init.scope: /sys/fs/cgroup/user.slice/user-1000.slice/user@1000.service/init.scope/cpu.max
2025-09-18 23:38:57,573 INFO [WARNING] Cgroup v2 file missing for session-2.scope: /sys/fs/cgroup/user.slice/user-1000.slice/session-2.scope/cpu.max
2025-09-18 23:38:57,573 INFO [WARNING] Cgroup v2 file missing for session-467.scope: /sys/fs/cgroup/user.slice/user-1000.slice/session-467.scope/cpu.max
2025-09-18 23:38:57,573 INFO [WARNING] Cgroup v2 file missing for session-468.scope: /sys/fs/cgroup/user.slice/user-1000.slice/session-468.scope/cpu.max
2025-09-18 23:38:57,573 INFO [WARNING] Cgroup v2 file missing for session-1.scope: /sys/fs/cgroup/user.slice/user-1000.slice/session-1.scope/cpu.max
2025-09-18 23:38:57,573 INFO [WARNING] Cgroup v2 file missing for session-13.scope: /sys/fs/cgroup/user.slice/user-1000.slice/session-13.scope/cpu.max
2025-09-18 23:38:57,573 INFO [WARNING] Skipping init.scope: missing cpu.max
2025-09-18 23:38:57,573 INFO [WARNING] Skipping session-2.scope: missing cpu.max
2025-09-18 23:38:57,573 INFO [WARNING] Skipping session-467.scope: missing cpu.max
2025-09-18 23:38:57,573 INFO [WARNING] Skipping session-468.scope: missing cpu.max
2025-09-18 23:38:57,573 INFO [WARNING] Skipping session-1.scope: missing cpu.max
2025-09-18 23:38:57,573 INFO [WARNING] Skipping session-13.scope: missing cpu.max
2025-09-18 23:38:57,573 INFO At t=1408446.455110982 docker-2c33733f0ca9fc25b8bb24d1aa0287e7f2db80bf0443edf5a54ce6a22f1c8dfc.scope error 'cpu_stat.throttled_time'
2025-09-18 23:38:57,573 INFO At t=1408446.455110982 cri-containerd-4c96bcb9ea5c3df6153fb2e276cb877bc294d0f0408088d0ad24f9b297426d00.scope error 'cpu_stat.throttled_time'
2025-09-18 23:38:57,573 INFO At t=1408446.455110982 cri-containerd-d4e908f069f96800cb5fed7d11cfc647885739658c62e7fdea5db22b327a11a4.scope error 'cpu_stat.throttled_time'
2025-09-18 23:38:57,573 INFO At t=1408446.455110982 docker-d9cf6ebc715d830fa464165ed6316a76e8c2b0cd5bfb673c8033f8269f9c9188.scope error 'cpu_stat.throttled_time'
2025-09-18 23:38:57,573 INFO At t=1408446.455110982 cri-containerd-dc0571845d4f8a279459c8749c12c4888be6b92fbd178da224f04470d5fa9579.scope error 'cpu_stat.throttled_time'
2025-09-18 23:38:57,574 INFO mean=0.0000, std=0.0000, Target core for docke=0.0000
2025-09-18 23:38:57,574 INFO mean=0.0000, std=0.0000, Target core for cri-c=0.0000
2025-09-18 23:38:57,574 INFO mean=0.0000, std=0.0000, Target core for cri-c=0.0000
2025-09-18 23:38:57,574 INFO mean=0.0000, std=0.0000, Target core for docke=0.0000
2025-09-18 23:38:57,574 INFO mean=0.0000, std=0.0000, Target core for cri-c=0.0000
2025-09-18 23:38:57,574 INFO At 1408446.4635 sleeping for 0.5000 sec ...
2025-09-18 23:38:58,075 INFO At 1408446.9635 woke up
2025-09-18 23:38:58,082 INFO [WARNING] Cgroup v2 file missing for init.scope: /sys/fs/cgroup/user.slice/user-1000.slice/user@1000.service/init.scope/cpu.max
2025-09-18 23:38:58,082 INFO [WARNING] Cgroup v2 file missing for session-2.scope: /sys/fs/cgroup/user.slice/user-1000.slice/session-2.scope/cpu.max
2025-09-18 23:38:58,082 INFO [WARNING] Cgroup v2 file missing for session-467.scope: /sys/fs/cgroup/user.slice/user-1000.slice/session-467.scope/cpu.max
2025-09-18 23:38:58,083 INFO [WARNING] Cgroup v2 file missing for session-468.scope: /sys/fs/cgroup/user.slice/user-1000.slice/session-468.scope/cpu.max
2025-09-18 23:38:58,083 INFO [WARNING] Cgroup v2 file missing for session-1.scope: /sys/fs/cgroup/user.slice/user-1000.slice/session-1.scope/cpu.max
2025-09-18 23:38:58,083 INFO [WARNING] Cgroup v2 file missing for session-13.scope: /sys/fs/cgroup/user.slice/user-1000.slice/session-13.scope/cpu.max
2025-09-18 23:38:58,083 INFO [WARNING] Skipping init.scope: missing cpu.max
2025-09-18 23:38:58,083 INFO [WARNING] Skipping session-2.scope: missing cpu.max
2025-09-18 23:38:58,083 INFO [WARNING] Skipping session-467.scope: missing cpu.max
2025-09-18 23:38:58,083 INFO [WARNING] Skipping session-468.scope: missing cpu.max
2025-09-18 23:38:58,083 INFO [WARNING] Skipping session-1.scope: missing cpu.max
2025-09-18 23:38:58,083 INFO [WARNING] Skipping session-13.scope: missing cpu.max
2025-09-18 23:38:58,083 INFO At t=1408446.963487082 docker-2c33733f0ca9fc25b8bb24d1aa0287e7f2db80bf0443edf5a54ce6a22f1c8dfc.scope error 'cpu_stat.throttled_time'
2025-09-18 23:38:58,083 INFO At t=1408446.963487082 cri-containerd-4c96bcb9ea5c3df6153fb2e276cb877bc294d0f0408088d0ad24f9b297426d00.scope error 'cpu_stat.throttled_time'
2025-09-18 23:38:58,083 INFO At t=1408446.963487082 cri-containerd-d4e908f069f96800cb5fed7d11cfc647885739658c62e7fdea5db22b327a11a4.scope error 'cpu_stat.throttled_time'
2025-09-18 23:38:58,083 INFO At t=1408446.963487082 docker-d9cf6ebc715d830fa464165ed6316a76e8c2b0cd5bfb673c8033f8269f9c9188.scope error 'cpu_stat.throttled_time'
2025-09-18 23:38:58,083 INFO At t=1408446.963487082 cri-containerd-dc0571845d4f8a279459c8749c12c4888be6b92fbd178da224f04470d5fa9579.scope error 'cpu_stat.throttled_time'
2025-09-18 23:38:58,083 INFO mean=0.0000, std=0.0000, Target core for docke=0.0000
2025-09-18 23:38:58,084 INFO mean=0.0000, std=0.0000, Target core for cri-c=0.0000
2025-09-18 23:38:58,084 INFO mean=0.0000, std=0.0000, Target core for cri-c=0.0000
2025-09-18 23:38:58,084 INFO mean=0.0000, std=0.0000, Target core for docke=0.0000
2025-09-18 23:38:58,084 INFO mean=0.0000, std=0.0000, Target core for cri-c=0.0000
2025-09-18 23:38:58,084 INFO At 1408446.9735 sleeping for 0.5000 sec ...
2025-09-18 23:38:58,585 INFO At 1408447.4735 woke up
2025-09-18 23:38:58,594 INFO [WARNING] Cgroup v2 file missing for init.scope: /sys/fs/cgroup/user.slice/user-1000.slice/user@1000.service/init.scope/cpu.max
2025-09-18 23:38:58,594 INFO [WARNING] Cgroup v2 file missing for session-2.scope: /sys/fs/cgroup/user.slice/user-1000.slice/session-2.scope/cpu.max
2025-09-18 23:38:58,594 INFO [WARNING] Cgroup v2 file missing for session-467.scope: /sys/fs/cgroup/user.slice/user-1000.slice/session-467.scope/cpu.max
2025-09-18 23:38:58,594 INFO [WARNING] Cgroup v2 file missing for session-468.scope: /sys/fs/cgroup/user.slice/user-1000.slice/session-468.scope/cpu.max
2025-09-18 23:38:58,594 INFO [WARNING] Cgroup v2 file missing for session-1.scope: /sys/fs/cgroup/user.slice/user-1000.slice/session-1.scope/cpu.max
2025-09-18 23:38:58,594 INFO [WARNING] Cgroup v2 file missing for session-13.scope: /sys/fs/cgroup/user.slice/user-1000.slice/session-13.scope/cpu.max
2025-09-18 23:38:58,594 INFO [WARNING] Skipping init.scope: missing cpu.max
2025-09-18 23:38:58,594 INFO [WARNING] Skipping session-2.scope: missing cpu.max
2025-09-18 23:38:58,594 INFO [WARNING] Skipping session-467.scope: missing cpu.max
2025-09-18 23:38:58,594 INFO [WARNING] Skipping session-468.scope: missing cpu.max
2025-09-18 23:38:58,594 INFO [WARNING] Skipping session-1.scope: missing cpu.max
2025-09-18 23:38:58,594 INFO [WARNING] Skipping session-13.scope: missing cpu.max
2025-09-18 23:38:58,594 INFO At t=1408447.473455379 docker-2c33733f0ca9fc25b8bb24d1aa0287e7f2db80bf0443edf5a54ce6a22f1c8dfc.scope error 'cpu_stat.throttled_time'
2025-09-18 23:38:58,594 INFO At t=1408447.473455379 cri-containerd-4c96bcb9ea5c3df6153fb2e276cb877bc294d0f0408088d0ad24f9b297426d00.scope error 'cpu_stat.throttled_time'
2025-09-18 23:38:58,595 INFO At t=1408447.473455379 cri-containerd-d4e908f069f96800cb5fed7d11cfc647885739658c62e7fdea5db22b327a11a4.scope error 'cpu_stat.throttled_time'
2025-09-18 23:38:58,595 INFO At t=1408447.473455379 docker-d9cf6ebc715d830fa464165ed6316a76e8c2b0cd5bfb673c8033f8269f9c9188.scope error 'cpu_stat.throttled_time'
2025-09-18 23:38:58,595 INFO At t=1408447.473455379 cri-containerd-dc0571845d4f8a279459c8749c12c4888be6b92fbd178da224f04470d5fa9579.scope error 'cpu_stat.throttled_time'
2025-09-18 23:38:58,595 INFO mean=0.0000, std=0.0000, Target core for docke=0.0000
2025-09-18 23:38:58,595 INFO mean=0.0000, std=0.0000, Target core for cri-c=0.0000
2025-09-18 23:38:58,595 INFO mean=0.0000, std=0.0000, Target core for cri-c=0.0000
2025-09-18 23:38:58,595 INFO mean=0.0000, std=0.0000, Target core for docke=0.0000
2025-09-18 23:38:58,595 INFO mean=0.0000, std=0.0000, Target core for cri-c=0.0000
2025-09-18 23:38:58,595 INFO At 1408447.4849 sleeping for 0.5000 sec ...
2025-09-18 23:38:59,096 INFO At 1408447.9849 woke up
2025-09-18 23:38:59,107 INFO [WARNING] Cgroup v2 file missing for init.scope: /sys/fs/cgroup/user.slice/user-1000.slice/user@1000.service/init.scope/cpu.max
2025-09-18 23:38:59,107 INFO [WARNING] Cgroup v2 file missing for session-2.scope: /sys/fs/cgroup/user.slice/user-1000.slice/session-2.scope/cpu.max
2025-09-18 23:38:59,107 INFO [WARNING] Cgroup v2 file missing for session-467.scope: /sys/fs/cgroup/user.slice/user-1000.slice/session-467.scope/cpu.max
2025-09-18 23:38:59,107 INFO [WARNING] Cgroup v2 file missing for session-468.scope: /sys/fs/cgroup/user.slice/user-1000.slice/session-468.scope/cpu.max
2025-09-18 23:38:59,107 INFO [WARNING] Cgroup v2 file missing for session-1.scope: /sys/fs/cgroup/user.slice/user-1000.slice/session-1.scope/cpu.max
2025-09-18 23:38:59,108 INFO [WARNING] Cgroup v2 file missing for session-13.scope: /sys/fs/cgroup/user.slice/user-1000.slice/session-13.scope/cpu.max
2025-09-18 23:38:59,108 INFO [WARNING] Skipping init.scope: missing cpu.max
2025-09-18 23:38:59,108 INFO [WARNING] Skipping session-2.scope: missing cpu.max
2025-09-18 23:38:59,108 INFO [WARNING] Skipping session-467.scope: missing cpu.max
2025-09-18 23:38:59,108 INFO [WARNING] Skipping session-468.scope: missing cpu.max
2025-09-18 23:38:59,108 INFO [WARNING] Skipping session-1.scope: missing cpu.max
2025-09-18 23:38:59,108 INFO [WARNING] Skipping session-13.scope: missing cpu.max
2025-09-18 23:38:59,108 INFO At t=1408447.98488802 docker-2c33733f0ca9fc25b8bb24d1aa0287e7f2db80bf0443edf5a54ce6a22f1c8dfc.scope error 'cpu_stat.throttled_time'
2025-09-18 23:38:59,108 INFO At t=1408447.98488802 cri-containerd-4c96bcb9ea5c3df6153fb2e276cb877bc294d0f0408088d0ad24f9b297426d00.scope error 'cpu_stat.throttled_time'
2025-09-18 23:38:59,108 INFO At t=1408447.98488802 cri-containerd-d4e908f069f96800cb5fed7d11cfc647885739658c62e7fdea5db22b327a11a4.scope error 'cpu_stat.throttled_time'
2025-09-18 23:38:59,108 INFO At t=1408447.98488802 docker-d9cf6ebc715d830fa464165ed6316a76e8c2b0cd5bfb673c8033f8269f9c9188.scope error 'cpu_stat.throttled_time'
2025-09-18 23:38:59,108 INFO At t=1408447.98488802 cri-containerd-dc0571845d4f8a279459c8749c12c4888be6b92fbd178da224f04470d5fa9579.scope error 'cpu_stat.throttled_time'
2025-09-18 23:38:59,109 INFO mean=0.0000, std=0.0000, Target core for docke=0.0000
2025-09-18 23:38:59,109 INFO mean=0.0000, std=0.0000, Target core for cri-c=0.0000
2025-09-18 23:38:59,109 INFO mean=0.0000, std=0.0000, Target core for cri-c=0.0000
2025-09-18 23:38:59,109 INFO mean=0.0000, std=0.0000, Target core for docke=0.0000
2025-09-18 23:38:59,109 INFO mean=0.0000, std=0.0000, Target core for cri-c=0.0000
2025-09-18 23:38:59,109 INFO At 1408447.9989 sleeping for 0.5000 sec ...
2025-09-18 23:38:59,610 INFO At 1408448.4989 woke up
2025-09-18 23:38:59,623 INFO [WARNING] Cgroup v2 file missing for init.scope: /sys/fs/cgroup/user.slice/user-1000.slice/user@1000.service/init.scope/cpu.max
2025-09-18 23:38:59,623 INFO [WARNING] Cgroup v2 file missing for session-2.scope: /sys/fs/cgroup/user.slice/user-1000.slice/session-2.scope/cpu.max
2025-09-18 23:38:59,623 INFO [WARNING] Cgroup v2 file missing for session-467.scope: /sys/fs/cgroup/user.slice/user-1000.slice/session-467.scope/cpu.max
2025-09-18 23:38:59,623 INFO [WARNING] Cgroup v2 file missing for session-468.scope: /sys/fs/cgroup/user.slice/user-1000.slice/session-468.scope/cpu.max
2025-09-18 23:38:59,623 INFO [WARNING] Cgroup v2 file missing for session-1.scope: /sys/fs/cgroup/user.slice/user-1000.slice/session-1.scope/cpu.max
2025-09-18 23:38:59,623 INFO [WARNING] Cgroup v2 file missing for session-13.scope: /sys/fs/cgroup/user.slice/user-1000.slice/session-13.scope/cpu.max
2025-09-18 23:38:59,623 INFO [WARNING] Skipping init.scope: missing cpu.max
2025-09-18 23:38:59,623 INFO [WARNING] Skipping session-2.scope: missing cpu.max
2025-09-18 23:38:59,624 INFO [WARNING] Skipping session-467.scope: missing cpu.max
2025-09-18 23:38:59,624 INFO [WARNING] Skipping session-468.scope: missing cpu.max
2025-09-18 23:38:59,624 INFO [WARNING] Skipping session-1.scope: missing cpu.max
2025-09-18 23:38:59,624 INFO [WARNING] Skipping session-13.scope: missing cpu.max
2025-09-18 23:38:59,624 INFO At t=1408448.498899501 docker-2c33733f0ca9fc25b8bb24d1aa0287e7f2db80bf0443edf5a54ce6a22f1c8dfc.scope error 'cpu_stat.throttled_time'
2025-09-18 23:38:59,624 INFO At t=1408448.498899501 cri-containerd-4c96bcb9ea5c3df6153fb2e276cb877bc294d0f0408088d0ad24f9b297426d00.scope error 'cpu_stat.throttled_time'
2025-09-18 23:38:59,624 INFO At t=1408448.498899501 cri-containerd-d4e908f069f96800cb5fed7d11cfc647885739658c62e7fdea5db22b327a11a4.scope error 'cpu_stat.throttled_time'
2025-09-18 23:38:59,624 INFO At t=1408448.498899501 docker-d9cf6ebc715d830fa464165ed6316a76e8c2b0cd5bfb673c8033f8269f9c9188.scope error 'cpu_stat.throttled_time'
2025-09-18 23:38:59,624 INFO At t=1408448.498899501 cri-containerd-dc0571845d4f8a279459c8749c12c4888be6b92fbd178da224f04470d5fa9579.scope error 'cpu_stat.throttled_time'
2025-09-18 23:38:59,625 INFO mean=0.0000, std=0.0000, Target core for docke=0.0000
2025-09-18 23:38:59,625 INFO mean=0.0000, std=0.0000, Target core for cri-c=0.0000
2025-09-18 23:38:59,625 INFO mean=0.0000, std=0.0000, Target core for cri-c=0.0000
2025-09-18 23:38:59,625 INFO mean=0.0000, std=0.0000, Target core for docke=0.0000
2025-09-18 23:38:59,625 INFO mean=0.0000, std=0.0000, Target core for cri-c=0.0000
2025-09-18 23:38:59,625 INFO At 1408448.5149 sleeping for 0.5000 sec ...
2025-09-18 23:39:00,126 INFO At 1408449.0149 woke up
2025-09-18 23:39:00,141 INFO [WARNING] Cgroup v2 file missing for init.scope: /sys/fs/cgroup/user.slice/user-1000.slice/user@1000.service/init.scope/cpu.max
2025-09-18 23:39:00,141 INFO [WARNING] Cgroup v2 file missing for session-2.scope: /sys/fs/cgroup/user.slice/user-1000.slice/session-2.scope/cpu.max
2025-09-18 23:39:00,141 INFO [WARNING] Cgroup v2 file missing for session-467.scope: /sys/fs/cgroup/user.slice/user-1000.slice/session-467.scope/cpu.max
2025-09-18 23:39:00,141 INFO [WARNING] Cgroup v2 file missing for session-468.scope: /sys/fs/cgroup/user.slice/user-1000.slice/session-468.scope/cpu.max
2025-09-18 23:39:00,142 INFO [WARNING] Cgroup v2 file missing for session-1.scope: /sys/fs/cgroup/user.slice/user-1000.slice/session-1.scope/cpu.max
2025-09-18 23:39:00,142 INFO [WARNING] Cgroup v2 file missing for session-13.scope: /sys/fs/cgroup/user.slice/user-1000.slice/session-13.scope/cpu.max
2025-09-18 23:39:00,142 INFO [WARNING] Skipping init.scope: missing cpu.max
2025-09-18 23:39:00,142 INFO [WARNING] Skipping session-2.scope: missing cpu.max
2025-09-18 23:39:00,142 INFO [WARNING] Skipping session-467.scope: missing cpu.max
2025-09-18 23:39:00,142 INFO [WARNING] Skipping session-468.scope: missing cpu.max
2025-09-18 23:39:00,142 INFO [WARNING] Skipping session-1.scope: missing cpu.max
2025-09-18 23:39:00,142 INFO [WARNING] Skipping session-13.scope: missing cpu.max
2025-09-18 23:39:00,143 INFO At t=1408449.014945241 docker-2c33733f0ca9fc25b8bb24d1aa0287e7f2db80bf0443edf5a54ce6a22f1c8dfc.scope error 'cpu_stat.throttled_time'
2025-09-18 23:39:00,143 INFO At t=1408449.014945241 cri-containerd-4c96bcb9ea5c3df6153fb2e276cb877bc294d0f0408088d0ad24f9b297426d00.scope error 'cpu_stat.throttled_time'
2025-09-18 23:39:00,143 INFO At t=1408449.014945241 cri-containerd-d4e908f069f96800cb5fed7d11cfc647885739658c62e7fdea5db22b327a11a4.scope error 'cpu_stat.throttled_time'
2025-09-18 23:39:00,143 INFO At t=1408449.014945241 docker-d9cf6ebc715d830fa464165ed6316a76e8c2b0cd5bfb673c8033f8269f9c9188.scope error 'cpu_stat.throttled_time'
2025-09-18 23:39:00,143 INFO At t=1408449.014945241 cri-containerd-dc0571845d4f8a279459c8749c12c4888be6b92fbd178da224f04470d5fa9579.scope error 'cpu_stat.throttled_time'
2025-09-18 23:39:00,143 INFO mean=0.0000, std=0.0000, Target core for docke=0.0000
2025-09-18 23:39:00,143 INFO mean=0.0000, std=0.0000, Target core for cri-c=0.0000
2025-09-18 23:39:00,144 INFO mean=0.0000, std=0.0000, Target core for cri-c=0.0000
2025-09-18 23:39:00,144 INFO mean=0.0000, std=0.0000, Target core for docke=0.0000
2025-09-18 23:39:00,144 INFO mean=0.0000, std=0.0000, Target core for cri-c=0.0000
2025-09-18 23:39:00,144 INFO At 1408449.0337 sleeping for 0.5000 sec ...
2025-09-18 23:39:00,645 INFO At 1408449.5337 woke up
2025-09-18 23:39:00,661 INFO [WARNING] Cgroup v2 file missing for init.scope: /sys/fs/cgroup/user.slice/user-1000.slice/user@1000.service/init.scope/cpu.max
2025-09-18 23:39:00,661 INFO [WARNING] Cgroup v2 file missing for session-2.scope: /sys/fs/cgroup/user.slice/user-1000.slice/session-2.scope/cpu.max
2025-09-18 23:39:00,662 INFO [WARNING] Cgroup v2 file missing for session-467.scope: /sys/fs/cgroup/user.slice/user-1000.slice/session-467.scope/cpu.max
2025-09-18 23:39:00,662 INFO [WARNING] Cgroup v2 file missing for session-468.scope: /sys/fs/cgroup/user.slice/user-1000.slice/session-468.scope/cpu.max
2025-09-18 23:39:00,662 INFO [WARNING] Cgroup v2 file missing for session-1.scope: /sys/fs/cgroup/user.slice/user-1000.slice/session-1.scope/cpu.max
2025-09-18 23:39:00,662 INFO [WARNING] Cgroup v2 file missing for session-13.scope: /sys/fs/cgroup/user.slice/user-1000.slice/session-13.scope/cpu.max
2025-09-18 23:39:00,662 INFO [WARNING] Skipping init.scope: missing cpu.max
2025-09-18 23:39:00,662 INFO [WARNING] Skipping session-2.scope: missing cpu.max
2025-09-18 23:39:00,662 INFO [WARNING] Skipping session-467.scope: missing cpu.max
2025-09-18 23:39:00,662 INFO [WARNING] Skipping session-468.scope: missing cpu.max
2025-09-18 23:39:00,662 INFO [WARNING] Skipping session-1.scope: missing cpu.max
2025-09-18 23:39:00,663 INFO [WARNING] Skipping session-13.scope: missing cpu.max
2025-09-18 23:39:00,663 INFO At t=1408449.533695458 docker-2c33733f0ca9fc25b8bb24d1aa0287e7f2db80bf0443edf5a54ce6a22f1c8dfc.scope error 'cpu_stat.throttled_time'
2025-09-18 23:39:00,663 INFO At t=1408449.533695458 cri-containerd-4c96bcb9ea5c3df6153fb2e276cb877bc294d0f0408088d0ad24f9b297426d00.scope error 'cpu_stat.throttled_time'
2025-09-18 23:39:00,663 INFO At t=1408449.533695458 cri-containerd-d4e908f069f96800cb5fed7d11cfc647885739658c62e7fdea5db22b327a11a4.scope error 'cpu_stat.throttled_time'
2025-09-18 23:39:00,663 INFO At t=1408449.533695458 docker-d9cf6ebc715d830fa464165ed6316a76e8c2b0cd5bfb673c8033f8269f9c9188.scope error 'cpu_stat.throttled_time'
2025-09-18 23:39:00,663 INFO At t=1408449.533695458 cri-containerd-dc0571845d4f8a279459c8749c12c4888be6b92fbd178da224f04470d5fa9579.scope error 'cpu_stat.throttled_time'
2025-09-18 23:39:00,664 INFO mean=0.0000, std=0.0000, Target core for docke=0.0000
2025-09-18 23:39:00,664 INFO mean=0.0000, std=0.0000, Target core for cri-c=0.0000
2025-09-18 23:39:00,664 INFO mean=0.0000, std=0.0000, Target core for cri-c=0.0000
2025-09-18 23:39:00,664 INFO mean=0.0000, std=0.0000, Target core for docke=0.0000
2025-09-18 23:39:00,665 INFO mean=0.0000, std=0.0000, Target core for cri-c=0.0000
2025-09-18 23:39:00,665 INFO At 1408449.5543 sleeping for 0.5000 sec ...
2025-09-18 23:39:01,165 INFO At 1408450.0543 woke up
2025-09-18 23:39:01,182 INFO [WARNING] Cgroup v2 file missing for init.scope: /sys/fs/cgroup/user.slice/user-1000.slice/user@1000.service/init.scope/cpu.max
2025-09-18 23:39:01,182 INFO [WARNING] Cgroup v2 file missing for session-2.scope: /sys/fs/cgroup/user.slice/user-1000.slice/session-2.scope/cpu.max
2025-09-18 23:39:01,182 INFO [WARNING] Cgroup v2 file missing for session-467.scope: /sys/fs/cgroup/user.slice/user-1000.slice/session-467.scope/cpu.max
2025-09-18 23:39:01,182 INFO [WARNING] Cgroup v2 file missing for session-468.scope: /sys/fs/cgroup/user.slice/user-1000.slice/session-468.scope/cpu.max
2025-09-18 23:39:01,182 INFO [WARNING] Cgroup v2 file missing for session-1.scope: /sys/fs/cgroup/user.slice/user-1000.slice/session-1.scope/cpu.max
2025-09-18 23:39:01,182 INFO [WARNING] Cgroup v2 file missing for session-13.scope: /sys/fs/cgroup/user.slice/user-1000.slice/session-13.scope/cpu.max
2025-09-18 23:39:01,183 INFO [WARNING] Skipping init.scope: missing cpu.max
2025-09-18 23:39:01,183 INFO [WARNING] Skipping session-2.scope: missing cpu.max
2025-09-18 23:39:01,183 INFO [WARNING] Skipping session-467.scope: missing cpu.max
2025-09-18 23:39:01,183 INFO [WARNING] Skipping session-468.scope: missing cpu.max
2025-09-18 23:39:01,183 INFO [WARNING] Skipping session-1.scope: missing cpu.max
2025-09-18 23:39:01,183 INFO [WARNING] Skipping session-13.scope: missing cpu.max
2025-09-18 23:39:01,183 INFO At t=1408450.054256544 docker-2c33733f0ca9fc25b8bb24d1aa0287e7f2db80bf0443edf5a54ce6a22f1c8dfc.scope error 'cpu_stat.throttled_time'
2025-09-18 23:39:01,184 INFO At t=1408450.054256544 cri-containerd-4c96bcb9ea5c3df6153fb2e276cb877bc294d0f0408088d0ad24f9b297426d00.scope error 'cpu_stat.throttled_time'
2025-09-18 23:39:01,184 INFO At t=1408450.054256544 cri-containerd-d4e908f069f96800cb5fed7d11cfc647885739658c62e7fdea5db22b327a11a4.scope error 'cpu_stat.throttled_time'
2025-09-18 23:39:01,184 INFO At t=1408450.054256544 docker-d9cf6ebc715d830fa464165ed6316a76e8c2b0cd5bfb673c8033f8269f9c9188.scope error 'cpu_stat.throttled_time'
2025-09-18 23:39:01,184 INFO At t=1408450.054256544 cri-containerd-dc0571845d4f8a279459c8749c12c4888be6b92fbd178da224f04470d5fa9579.scope error 'cpu_stat.throttled_time'
2025-09-18 23:39:01,184 INFO mean=0.0000, std=0.0000, Target core for docke=0.0000
2025-09-18 23:39:01,184 INFO mean=0.0000, std=0.0000, Target core for cri-c=0.0000
2025-09-18 23:39:01,185 INFO mean=0.0000, std=0.0001, Target core for cri-c=0.0004
2025-09-18 23:39:01,185 INFO mean=0.0000, std=0.0000, Target core for docke=0.0000
2025-09-18 23:39:01,185 INFO mean=0.0000, std=0.0000, Target core for cri-c=0.0000
2025-09-18 23:39:01,185 INFO At 1408450.0748 sleeping for 0.5000 sec ...
2025-09-18 23:39:01,686 INFO At 1408450.5748 woke up
2025-09-18 23:39:01,702 INFO [WARNING] Cgroup v2 file missing for init.scope: /sys/fs/cgroup/user.slice/user-1000.slice/user@1000.service/init.scope/cpu.max
2025-09-18 23:39:01,703 INFO [WARNING] Cgroup v2 file missing for session-2.scope: /sys/fs/cgroup/user.slice/user-1000.slice/session-2.scope/cpu.max
2025-09-18 23:39:01,703 INFO [WARNING] Cgroup v2 file missing for session-467.scope: /sys/fs/cgroup/user.slice/user-1000.slice/session-467.scope/cpu.max
2025-09-18 23:39:01,703 INFO [WARNING] Cgroup v2 file missing for session-468.scope: /sys/fs/cgroup/user.slice/user-1000.slice/session-468.scope/cpu.max
2025-09-18 23:39:01,703 INFO [WARNING] Cgroup v2 file missing for session-1.scope: /sys/fs/cgroup/user.slice/user-1000.slice/session-1.scope/cpu.max
2025-09-18 23:39:01,703 INFO [WARNING] Cgroup v2 file missing for session-13.scope: /sys/fs/cgroup/user.slice/user-1000.slice/session-13.scope/cpu.max
2025-09-18 23:39:01,703 INFO [WARNING] Skipping init.scope: missing cpu.max
2025-09-18 23:39:01,703 INFO [WARNING] Skipping session-2.scope: missing cpu.max
2025-09-18 23:39:01,704 INFO [WARNING] Skipping session-467.scope: missing cpu.max
2025-09-18 23:39:01,704 INFO [WARNING] Skipping session-468.scope: missing cpu.max
2025-09-18 23:39:01,704 INFO [WARNING] Skipping session-1.scope: missing cpu.max
2025-09-18 23:39:01,704 INFO [WARNING] Skipping session-13.scope: missing cpu.max
2025-09-18 23:39:01,704 INFO At t=1408450.574772726 docker-2c33733f0ca9fc25b8bb24d1aa0287e7f2db80bf0443edf5a54ce6a22f1c8dfc.scope error 'cpu_stat.throttled_time'
2025-09-18 23:39:01,704 INFO At t=1408450.574772726 cri-containerd-4c96bcb9ea5c3df6153fb2e276cb877bc294d0f0408088d0ad24f9b297426d00.scope error 'cpu_stat.throttled_time'
2025-09-18 23:39:01,704 INFO At t=1408450.574772726 cri-containerd-d4e908f069f96800cb5fed7d11cfc647885739658c62e7fdea5db22b327a11a4.scope error 'cpu_stat.throttled_time'
2025-09-18 23:39:01,704 INFO At t=1408450.574772726 docker-d9cf6ebc715d830fa464165ed6316a76e8c2b0cd5bfb673c8033f8269f9c9188.scope error 'cpu_stat.throttled_time'
2025-09-18 23:39:01,705 INFO At t=1408450.574772726 cri-containerd-dc0571845d4f8a279459c8749c12c4888be6b92fbd178da224f04470d5fa9579.scope error 'cpu_stat.throttled_time'
2025-09-18 23:39:01,705 INFO mean=0.0000, std=0.0000, Target core for docke=0.0000
2025-09-18 23:39:01,705 INFO mean=0.0000, std=0.0000, Target core for cri-c=0.0000
2025-09-18 23:39:01,705 INFO mean=0.0000, std=0.0001, Target core for cri-c=0.0004
2025-09-18 23:39:01,706 INFO At t=1408450.5748, cri-c, curr. spread=0.0002, obs. spread=0.0002, len=10, thresh=0.0000, last_scale_diff=1408450.5748
2025-09-18 23:39:01,706 INFO At t=1408450.574772726, dts=[0.0, 0.0, 0.0, 0.0, 0.0, 0.0, 0.0, 0.0, 0.00018499999998766725, 0.0], mu=0.0000, std=0.0001
2025-09-18 23:39:01,706 INFO mean=0.0000, std=0.0000, Target core for docke=0.0000
2025-09-18 23:39:01,706 INFO mean=0.0000, std=0.0000, Target core for cri-c=0.0000
2025-09-18 23:39:01,706 INFO At 1408450.5957 sleeping for 0.5000 sec ...
2025-09-18 23:39:02,207 INFO At 1408451.0957 woke up
2025-09-18 23:39:02,223 INFO [WARNING] Cgroup v2 file missing for init.scope: /sys/fs/cgroup/user.slice/user-1000.slice/user@1000.service/init.scope/cpu.max
2025-09-18 23:39:02,223 INFO [WARNING] Cgroup v2 file missing for session-2.scope: /sys/fs/cgroup/user.slice/user-1000.slice/session-2.scope/cpu.max
2025-09-18 23:39:02,224 INFO [WARNING] Cgroup v2 file missing for session-467.scope: /sys/fs/cgroup/user.slice/user-1000.slice/session-467.scope/cpu.max
2025-09-18 23:39:02,224 INFO [WARNING] Cgroup v2 file missing for session-468.scope: /sys/fs/cgroup/user.slice/user-1000.slice/session-468.scope/cpu.max
2025-09-18 23:39:02,224 INFO [WARNING] Cgroup v2 file missing for session-1.scope: /sys/fs/cgroup/user.slice/user-1000.slice/session-1.scope/cpu.max
2025-09-18 23:39:02,224 INFO [WARNING] Cgroup v2 file missing for session-13.scope: /sys/fs/cgroup/user.slice/user-1000.slice/session-13.scope/cpu.max
2025-09-18 23:39:02,224 INFO [WARNING] Skipping init.scope: missing cpu.max
2025-09-18 23:39:02,224 INFO [WARNING] Skipping session-2.scope: missing cpu.max
2025-09-18 23:39:02,224 INFO [WARNING] Skipping session-467.scope: missing cpu.max
2025-09-18 23:39:02,224 INFO [WARNING] Skipping session-468.scope: missing cpu.max
2025-09-18 23:39:02,224 INFO [WARNING] Skipping session-1.scope: missing cpu.max
2025-09-18 23:39:02,225 INFO [WARNING] Skipping session-13.scope: missing cpu.max
2025-09-18 23:39:02,225 INFO At t=1408451.09572979 docker-2c33733f0ca9fc25b8bb24d1aa0287e7f2db80bf0443edf5a54ce6a22f1c8dfc.scope error 'cpu_stat.throttled_time'
2025-09-18 23:39:02,225 INFO At t=1408451.09572979 cri-containerd-4c96bcb9ea5c3df6153fb2e276cb877bc294d0f0408088d0ad24f9b297426d00.scope error 'cpu_stat.throttled_time'
2025-09-18 23:39:02,225 INFO At t=1408451.09572979 cri-containerd-d4e908f069f96800cb5fed7d11cfc647885739658c62e7fdea5db22b327a11a4.scope error 'cpu_stat.throttled_time'
2025-09-18 23:39:02,225 INFO At t=1408451.09572979 docker-d9cf6ebc715d830fa464165ed6316a76e8c2b0cd5bfb673c8033f8269f9c9188.scope error 'cpu_stat.throttled_time'
2025-09-18 23:39:02,225 INFO At t=1408451.09572979 cri-containerd-dc0571845d4f8a279459c8749c12c4888be6b92fbd178da224f04470d5fa9579.scope error 'cpu_stat.throttled_time'
2025-09-18 23:39:02,226 INFO mean=0.0000, std=0.0000, Target core for docke=0.0000
2025-09-18 23:39:02,226 INFO mean=0.0000, std=0.0000, Target core for cri-c=0.0000
2025-09-18 23:39:02,226 INFO mean=0.0000, std=0.0001, Target core for cri-c=0.0004
2025-09-18 23:39:02,226 INFO At t=1408451.0957, cri-c, curr. spread=0.0002, obs. spread=0.0002, len=10, thresh=0.0000, last_scale_diff=1408451.0957
2025-09-18 23:39:02,226 INFO At t=1408451.09572979, dts=[0.0, 0.0, 0.0, 0.0, 0.0, 0.0, 0.0, 0.00018499999998766725, 0.0, 0.0], mu=0.0000, std=0.0001
2025-09-18 23:39:02,227 INFO mean=0.0000, std=0.0000, Target core for docke=0.0000
2025-09-18 23:39:02,227 INFO mean=0.0000, std=0.0000, Target core for cri-c=0.0000
2025-09-18 23:39:02,227 INFO At 1408451.1165 sleeping for 0.5000 sec ...
2025-09-18 23:39:02,728 INFO At 1408451.6165 woke up
2025-09-18 23:39:02,744 INFO [WARNING] Cgroup v2 file missing for init.scope: /sys/fs/cgroup/user.slice/user-1000.slice/user@1000.service/init.scope/cpu.max
2025-09-18 23:39:02,744 INFO [WARNING] Cgroup v2 file missing for session-2.scope: /sys/fs/cgroup/user.slice/user-1000.slice/session-2.scope/cpu.max
2025-09-18 23:39:02,744 INFO [WARNING] Cgroup v2 file missing for session-467.scope: /sys/fs/cgroup/user.slice/user-1000.slice/session-467.scope/cpu.max
2025-09-18 23:39:02,744 INFO [WARNING] Cgroup v2 file missing for session-468.scope: /sys/fs/cgroup/user.slice/user-1000.slice/session-468.scope/cpu.max
2025-09-18 23:39:02,745 INFO [WARNING] Cgroup v2 file missing for session-1.scope: /sys/fs/cgroup/user.slice/user-1000.slice/session-1.scope/cpu.max
2025-09-18 23:39:02,745 INFO [WARNING] Cgroup v2 file missing for session-13.scope: /sys/fs/cgroup/user.slice/user-1000.slice/session-13.scope/cpu.max
2025-09-18 23:39:02,745 INFO [WARNING] Skipping init.scope: missing cpu.max
2025-09-18 23:39:02,745 INFO [WARNING] Skipping session-2.scope: missing cpu.max
2025-09-18 23:39:02,745 INFO [WARNING] Skipping session-467.scope: missing cpu.max
2025-09-18 23:39:02,745 INFO [WARNING] Skipping session-468.scope: missing cpu.max
2025-09-18 23:39:02,745 INFO [WARNING] Skipping session-1.scope: missing cpu.max
2025-09-18 23:39:02,745 INFO [WARNING] Skipping session-13.scope: missing cpu.max
2025-09-18 23:39:02,746 INFO At t=1408451.616506268 docker-2c33733f0ca9fc25b8bb24d1aa0287e7f2db80bf0443edf5a54ce6a22f1c8dfc.scope error 'cpu_stat.throttled_time'
2025-09-18 23:39:02,746 INFO At t=1408451.616506268 cri-containerd-4c96bcb9ea5c3df6153fb2e276cb877bc294d0f0408088d0ad24f9b297426d00.scope error 'cpu_stat.throttled_time'
2025-09-18 23:39:02,746 INFO At t=1408451.616506268 cri-containerd-d4e908f069f96800cb5fed7d11cfc647885739658c62e7fdea5db22b327a11a4.scope error 'cpu_stat.throttled_time'
2025-09-18 23:39:02,746 INFO At t=1408451.616506268 docker-d9cf6ebc715d830fa464165ed6316a76e8c2b0cd5bfb673c8033f8269f9c9188.scope error 'cpu_stat.throttled_time'
2025-09-18 23:39:02,746 INFO At t=1408451.616506268 cri-containerd-dc0571845d4f8a279459c8749c12c4888be6b92fbd178da224f04470d5fa9579.scope error 'cpu_stat.throttled_time'
2025-09-18 23:39:02,746 INFO mean=0.0000, std=0.0000, Target core for docke=0.0000
2025-09-18 23:39:02,747 INFO mean=0.0000, std=0.0000, Target core for cri-c=0.0000
2025-09-18 23:39:02,747 INFO mean=0.0000, std=0.0001, Target core for cri-c=0.0004
2025-09-18 23:39:02,747 INFO At t=1408451.6165, cri-c, curr. spread=0.0002, obs. spread=0.0002, len=10, thresh=0.0000, last_scale_diff=1408451.6165
2025-09-18 23:39:02,747 INFO At t=1408451.616506268, dts=[0.0, 0.0, 0.0, 0.0, 0.0, 0.0, 0.00018499999998766725, 0.0, 0.0, 0.0], mu=0.0000, std=0.0001
2025-09-18 23:39:02,747 INFO mean=0.0000, std=0.0000, Target core for docke=0.0000
2025-09-18 23:39:02,748 INFO mean=0.0000, std=0.0000, Target core for cri-c=0.0000
2025-09-18 23:39:02,748 INFO At 1408451.6372 sleeping for 0.5000 sec ...
2025-09-18 23:39:03,248 INFO At 1408452.1372 woke up
2025-09-18 23:39:03,265 INFO [WARNING] Cgroup v2 file missing for init.scope: /sys/fs/cgroup/user.slice/user-1000.slice/user@1000.service/init.scope/cpu.max
2025-09-18 23:39:03,265 INFO [WARNING] Cgroup v2 file missing for session-2.scope: /sys/fs/cgroup/user.slice/user-1000.slice/session-2.scope/cpu.max
2025-09-18 23:39:03,265 INFO [WARNING] Cgroup v2 file missing for session-467.scope: /sys/fs/cgroup/user.slice/user-1000.slice/session-467.scope/cpu.max
2025-09-18 23:39:03,265 INFO [WARNING] Cgroup v2 file missing for session-468.scope: /sys/fs/cgroup/user.slice/user-1000.slice/session-468.scope/cpu.max
2025-09-18 23:39:03,265 INFO [WARNING] Cgroup v2 file missing for session-1.scope: /sys/fs/cgroup/user.slice/user-1000.slice/session-1.scope/cpu.max
2025-09-18 23:39:03,265 INFO [WARNING] Cgroup v2 file missing for session-13.scope: /sys/fs/cgroup/user.slice/user-1000.slice/session-13.scope/cpu.max
2025-09-18 23:39:03,265 INFO [WARNING] Skipping init.scope: missing cpu.max
2025-09-18 23:39:03,266 INFO [WARNING] Skipping session-2.scope: missing cpu.max
2025-09-18 23:39:03,266 INFO [WARNING] Skipping session-467.scope: missing cpu.max
2025-09-18 23:39:03,266 INFO [WARNING] Skipping session-468.scope: missing cpu.max
2025-09-18 23:39:03,266 INFO [WARNING] Skipping session-1.scope: missing cpu.max
2025-09-18 23:39:03,266 INFO [WARNING] Skipping session-13.scope: missing cpu.max
2025-09-18 23:39:03,266 INFO At t=1408452.137182765 docker-2c33733f0ca9fc25b8bb24d1aa0287e7f2db80bf0443edf5a54ce6a22f1c8dfc.scope error 'cpu_stat.throttled_time'
2025-09-18 23:39:03,266 INFO At t=1408452.137182765 cri-containerd-4c96bcb9ea5c3df6153fb2e276cb877bc294d0f0408088d0ad24f9b297426d00.scope error 'cpu_stat.throttled_time'
2025-09-18 23:39:03,266 INFO At t=1408452.137182765 cri-containerd-d4e908f069f96800cb5fed7d11cfc647885739658c62e7fdea5db22b327a11a4.scope error 'cpu_stat.throttled_time'
2025-09-18 23:39:03,267 INFO At t=1408452.137182765 docker-d9cf6ebc715d830fa464165ed6316a76e8c2b0cd5bfb673c8033f8269f9c9188.scope error 'cpu_stat.throttled_time'
2025-09-18 23:39:03,267 INFO At t=1408452.137182765 cri-containerd-dc0571845d4f8a279459c8749c12c4888be6b92fbd178da224f04470d5fa9579.scope error 'cpu_stat.throttled_time'
2025-09-18 23:39:03,267 INFO mean=0.0000, std=0.0000, Target core for docke=0.0000
2025-09-18 23:39:03,267 INFO mean=0.0000, std=0.0000, Target core for cri-c=0.0000
2025-09-18 23:39:03,268 INFO mean=0.0000, std=0.0001, Target core for cri-c=0.0004
2025-09-18 23:39:03,268 INFO At t=1408452.1372, cri-c, curr. spread=0.0002, obs. spread=0.0002, len=10, thresh=0.0000, last_scale_diff=1408452.1372
2025-09-18 23:39:03,268 INFO At t=1408452.137182765, dts=[0.0, 0.0, 0.0, 0.0, 0.0, 0.00018499999998766725, 0.0, 0.0, 0.0, 0.0], mu=0.0000, std=0.0001
2025-09-18 23:39:03,268 INFO mean=0.0000, std=0.0000, Target core for docke=0.0000
2025-09-18 23:39:03,268 INFO mean=0.0000, std=0.0000, Target core for cri-c=0.0000
2025-09-18 23:39:03,268 INFO At 1408452.1578 sleeping for 0.5000 sec ...
2025-09-18 23:39:03,769 INFO At 1408452.6578 woke up
2025-09-18 23:39:03,785 INFO [WARNING] Cgroup v2 file missing for init.scope: /sys/fs/cgroup/user.slice/user-1000.slice/user@1000.service/init.scope/cpu.max
2025-09-18 23:39:03,785 INFO [WARNING] Cgroup v2 file missing for session-2.scope: /sys/fs/cgroup/user.slice/user-1000.slice/session-2.scope/cpu.max
2025-09-18 23:39:03,786 INFO [WARNING] Cgroup v2 file missing for session-467.scope: /sys/fs/cgroup/user.slice/user-1000.slice/session-467.scope/cpu.max
2025-09-18 23:39:03,786 INFO [WARNING] Cgroup v2 file missing for session-468.scope: /sys/fs/cgroup/user.slice/user-1000.slice/session-468.scope/cpu.max
2025-09-18 23:39:03,786 INFO [WARNING] Cgroup v2 file missing for session-1.scope: /sys/fs/cgroup/user.slice/user-1000.slice/session-1.scope/cpu.max
2025-09-18 23:39:03,786 INFO [WARNING] Cgroup v2 file missing for session-13.scope: /sys/fs/cgroup/user.slice/user-1000.slice/session-13.scope/cpu.max
2025-09-18 23:39:03,786 INFO [WARNING] Skipping init.scope: missing cpu.max
2025-09-18 23:39:03,786 INFO [WARNING] Skipping session-2.scope: missing cpu.max
2025-09-18 23:39:03,786 INFO [WARNING] Skipping session-467.scope: missing cpu.max
2025-09-18 23:39:03,786 INFO [WARNING] Skipping session-468.scope: missing cpu.max
2025-09-18 23:39:03,786 INFO [WARNING] Skipping session-1.scope: missing cpu.max
2025-09-18 23:39:03,786 INFO [WARNING] Skipping session-13.scope: missing cpu.max
2025-09-18 23:39:03,787 INFO At t=1408452.65781542 docker-2c33733f0ca9fc25b8bb24d1aa0287e7f2db80bf0443edf5a54ce6a22f1c8dfc.scope error 'cpu_stat.throttled_time'
2025-09-18 23:39:03,787 INFO At t=1408452.65781542 cri-containerd-4c96bcb9ea5c3df6153fb2e276cb877bc294d0f0408088d0ad24f9b297426d00.scope error 'cpu_stat.throttled_time'
2025-09-18 23:39:03,787 INFO At t=1408452.65781542 cri-containerd-d4e908f069f96800cb5fed7d11cfc647885739658c62e7fdea5db22b327a11a4.scope error 'cpu_stat.throttled_time'
2025-09-18 23:39:03,787 INFO At t=1408452.65781542 docker-d9cf6ebc715d830fa464165ed6316a76e8c2b0cd5bfb673c8033f8269f9c9188.scope error 'cpu_stat.throttled_time'
2025-09-18 23:39:03,787 INFO At t=1408452.65781542 cri-containerd-dc0571845d4f8a279459c8749c12c4888be6b92fbd178da224f04470d5fa9579.scope error 'cpu_stat.throttled_time'
2025-09-18 23:39:03,788 INFO mean=0.0000, std=0.0000, Target core for docke=0.0000
2025-09-18 23:39:03,788 INFO mean=0.0000, std=0.0000, Target core for cri-c=0.0000
2025-09-18 23:39:03,788 INFO mean=0.0000, std=0.0001, Target core for cri-c=0.0004
2025-09-18 23:39:03,788 INFO At t=1408452.6578, cri-c, curr. spread=0.0002, obs. spread=0.0002, len=10, thresh=0.0000, last_scale_diff=1408452.6578
2025-09-18 23:39:03,788 INFO At t=1408452.65781542, dts=[0.0, 0.0, 0.0, 0.0, 0.00018499999998766725, 0.0, 0.0, 0.0, 0.0, 0.0], mu=0.0000, std=0.0001
2025-09-18 23:39:03,789 INFO mean=0.0000, std=0.0000, Target core for docke=0.0000
2025-09-18 23:39:03,789 INFO mean=0.0000, std=0.0000, Target core for cri-c=0.0000
2025-09-18 23:39:03,789 INFO At 1408452.6785 sleeping for 0.5000 sec ...
2025-09-18 23:39:04,290 INFO At 1408453.1785 woke up
2025-09-18 23:39:04,306 INFO [WARNING] Cgroup v2 file missing for init.scope: /sys/fs/cgroup/user.slice/user-1000.slice/user@1000.service/init.scope/cpu.max
2025-09-18 23:39:04,306 INFO [WARNING] Cgroup v2 file missing for session-2.scope: /sys/fs/cgroup/user.slice/user-1000.slice/session-2.scope/cpu.max
2025-09-18 23:39:04,306 INFO [WARNING] Cgroup v2 file missing for session-467.scope: /sys/fs/cgroup/user.slice/user-1000.slice/session-467.scope/cpu.max
2025-09-18 23:39:04,307 INFO [WARNING] Cgroup v2 file missing for session-468.scope: /sys/fs/cgroup/user.slice/user-1000.slice/session-468.scope/cpu.max
2025-09-18 23:39:04,307 INFO [WARNING] Cgroup v2 file missing for session-1.scope: /sys/fs/cgroup/user.slice/user-1000.slice/session-1.scope/cpu.max
2025-09-18 23:39:04,307 INFO [WARNING] Cgroup v2 file missing for session-13.scope: /sys/fs/cgroup/user.slice/user-1000.slice/session-13.scope/cpu.max
2025-09-18 23:39:04,307 INFO [WARNING] Skipping init.scope: missing cpu.max
2025-09-18 23:39:04,307 INFO [WARNING] Skipping session-2.scope: missing cpu.max
2025-09-18 23:39:04,307 INFO [WARNING] Skipping session-467.scope: missing cpu.max
2025-09-18 23:39:04,307 INFO [WARNING] Skipping session-468.scope: missing cpu.max
2025-09-18 23:39:04,307 INFO [WARNING] Skipping session-1.scope: missing cpu.max
2025-09-18 23:39:04,307 INFO [WARNING] Skipping session-13.scope: missing cpu.max
2025-09-18 23:39:04,308 INFO At t=1408453.17846094 docker-2c33733f0ca9fc25b8bb24d1aa0287e7f2db80bf0443edf5a54ce6a22f1c8dfc.scope error 'cpu_stat.throttled_time'
2025-09-18 23:39:04,308 INFO At t=1408453.17846094 cri-containerd-4c96bcb9ea5c3df6153fb2e276cb877bc294d0f0408088d0ad24f9b297426d00.scope error 'cpu_stat.throttled_time'
2025-09-18 23:39:04,308 INFO At t=1408453.17846094 cri-containerd-d4e908f069f96800cb5fed7d11cfc647885739658c62e7fdea5db22b327a11a4.scope error 'cpu_stat.throttled_time'
2025-09-18 23:39:04,308 INFO At t=1408453.17846094 docker-d9cf6ebc715d830fa464165ed6316a76e8c2b0cd5bfb673c8033f8269f9c9188.scope error 'cpu_stat.throttled_time'
2025-09-18 23:39:04,308 INFO At t=1408453.17846094 cri-containerd-dc0571845d4f8a279459c8749c12c4888be6b92fbd178da224f04470d5fa9579.scope error 'cpu_stat.throttled_time'
2025-09-18 23:39:04,308 INFO mean=0.0000, std=0.0000, Target core for docke=0.0000
2025-09-18 23:39:04,309 INFO mean=0.0000, std=0.0000, Target core for cri-c=0.0000
2025-09-18 23:39:04,309 INFO mean=0.0000, std=0.0001, Target core for cri-c=0.0004
2025-09-18 23:39:04,309 INFO At t=1408453.1785, cri-c, curr. spread=0.0002, obs. spread=0.0002, len=10, thresh=0.0000, last_scale_diff=1408453.1785
2025-09-18 23:39:04,309 INFO At t=1408453.17846094, dts=[0.0, 0.0, 0.0, 0.00018499999998766725, 0.0, 0.0, 0.0, 0.0, 0.0, 0.0], mu=0.0000, std=0.0001
2025-09-18 23:39:04,309 INFO mean=0.0000, std=0.0000, Target core for docke=0.0000
2025-09-18 23:39:04,310 INFO mean=0.0000, std=0.0000, Target core for cri-c=0.0000
2025-09-18 23:39:04,310 INFO At 1408453.1993 sleeping for 0.5000 sec ...
2025-09-18 23:39:04,810 INFO At 1408453.6993 woke up
2025-09-18 23:39:04,827 INFO [WARNING] Cgroup v2 file missing for init.scope: /sys/fs/cgroup/user.slice/user-1000.slice/user@1000.service/init.scope/cpu.max
2025-09-18 23:39:04,827 INFO [WARNING] Cgroup v2 file missing for session-2.scope: /sys/fs/cgroup/user.slice/user-1000.slice/session-2.scope/cpu.max
2025-09-18 23:39:04,827 INFO [WARNING] Cgroup v2 file missing for session-467.scope: /sys/fs/cgroup/user.slice/user-1000.slice/session-467.scope/cpu.max
2025-09-18 23:39:04,827 INFO [WARNING] Cgroup v2 file missing for session-468.scope: /sys/fs/cgroup/user.slice/user-1000.slice/session-468.scope/cpu.max
2025-09-18 23:39:04,827 INFO [WARNING] Cgroup v2 file missing for session-1.scope: /sys/fs/cgroup/user.slice/user-1000.slice/session-1.scope/cpu.max
2025-09-18 23:39:04,827 INFO [WARNING] Cgroup v2 file missing for session-13.scope: /sys/fs/cgroup/user.slice/user-1000.slice/session-13.scope/cpu.max
2025-09-18 23:39:04,828 INFO [WARNING] Skipping init.scope: missing cpu.max
2025-09-18 23:39:04,828 INFO [WARNING] Skipping session-2.scope: missing cpu.max
2025-09-18 23:39:04,828 INFO [WARNING] Skipping session-467.scope: missing cpu.max
2025-09-18 23:39:04,828 INFO [WARNING] Skipping session-468.scope: missing cpu.max
2025-09-18 23:39:04,828 INFO [WARNING] Skipping session-1.scope: missing cpu.max
2025-09-18 23:39:04,828 INFO [WARNING] Skipping session-13.scope: missing cpu.max
2025-09-18 23:39:04,828 INFO At t=1408453.69926566 docker-2c33733f0ca9fc25b8bb24d1aa0287e7f2db80bf0443edf5a54ce6a22f1c8dfc.scope error 'cpu_stat.throttled_time'
2025-09-18 23:39:04,828 INFO At t=1408453.69926566 cri-containerd-4c96bcb9ea5c3df6153fb2e276cb877bc294d0f0408088d0ad24f9b297426d00.scope error 'cpu_stat.throttled_time'
2025-09-18 23:39:04,829 INFO At t=1408453.69926566 cri-containerd-d4e908f069f96800cb5fed7d11cfc647885739658c62e7fdea5db22b327a11a4.scope error 'cpu_stat.throttled_time'
2025-09-18 23:39:04,829 INFO At t=1408453.69926566 docker-d9cf6ebc715d830fa464165ed6316a76e8c2b0cd5bfb673c8033f8269f9c9188.scope error 'cpu_stat.throttled_time'
2025-09-18 23:39:04,829 INFO At t=1408453.69926566 cri-containerd-dc0571845d4f8a279459c8749c12c4888be6b92fbd178da224f04470d5fa9579.scope error 'cpu_stat.throttled_time'
2025-09-18 23:39:04,829 INFO mean=0.0000, std=0.0000, Target core for docke=0.0000
2025-09-18 23:39:04,829 INFO mean=0.0000, std=0.0000, Target core for cri-c=0.0000
2025-09-18 23:39:04,830 INFO mean=0.0000, std=0.0001, Target core for cri-c=0.0004
2025-09-18 23:39:04,830 INFO At t=1408453.6993, cri-c, curr. spread=0.0002, obs. spread=0.0002, len=10, thresh=0.0000, last_scale_diff=1408453.6993
2025-09-18 23:39:04,830 INFO At t=1408453.69926566, dts=[0.0, 0.0, 0.00018499999998766725, 0.0, 0.0, 0.0, 0.0, 0.0, 0.0, 0.0], mu=0.0000, std=0.0001
2025-09-18 23:39:04,830 INFO mean=0.0000, std=0.0000, Target core for docke=0.0000
2025-09-18 23:39:04,830 INFO mean=0.0000, std=0.0000, Target core for cri-c=0.0000
2025-09-18 23:39:04,830 INFO At 1408453.7199 sleeping for 0.5000 sec ...
2025-09-18 23:39:05,331 INFO At 1408454.2199 woke up
2025-09-18 23:39:05,347 INFO [WARNING] Cgroup v2 file missing for init.scope: /sys/fs/cgroup/user.slice/user-1000.slice/user@1000.service/init.scope/cpu.max
2025-09-18 23:39:05,347 INFO [WARNING] Cgroup v2 file missing for session-2.scope: /sys/fs/cgroup/user.slice/user-1000.slice/session-2.scope/cpu.max
2025-09-18 23:39:05,347 INFO [WARNING] Cgroup v2 file missing for session-467.scope: /sys/fs/cgroup/user.slice/user-1000.slice/session-467.scope/cpu.max
2025-09-18 23:39:05,348 INFO [WARNING] Cgroup v2 file missing for session-468.scope: /sys/fs/cgroup/user.slice/user-1000.slice/session-468.scope/cpu.max
2025-09-18 23:39:05,348 INFO [WARNING] Cgroup v2 file missing for session-1.scope: /sys/fs/cgroup/user.slice/user-1000.slice/session-1.scope/cpu.max
2025-09-18 23:39:05,348 INFO [WARNING] Cgroup v2 file missing for session-13.scope: /sys/fs/cgroup/user.slice/user-1000.slice/session-13.scope/cpu.max
2025-09-18 23:39:05,348 INFO [WARNING] Skipping init.scope: missing cpu.max
2025-09-18 23:39:05,348 INFO [WARNING] Skipping session-2.scope: missing cpu.max
2025-09-18 23:39:05,348 INFO [WARNING] Skipping session-467.scope: missing cpu.max
2025-09-18 23:39:05,348 INFO [WARNING] Skipping session-468.scope: missing cpu.max
2025-09-18 23:39:05,348 INFO [WARNING] Skipping session-1.scope: missing cpu.max
2025-09-18 23:39:05,348 INFO [WARNING] Skipping session-13.scope: missing cpu.max
2025-09-18 23:39:05,349 INFO At t=1408454.219895531 docker-2c33733f0ca9fc25b8bb24d1aa0287e7f2db80bf0443edf5a54ce6a22f1c8dfc.scope error 'cpu_stat.throttled_time'
2025-09-18 23:39:05,349 INFO At t=1408454.219895531 cri-containerd-4c96bcb9ea5c3df6153fb2e276cb877bc294d0f0408088d0ad24f9b297426d00.scope error 'cpu_stat.throttled_time'
2025-09-18 23:39:05,349 INFO At t=1408454.219895531 cri-containerd-d4e908f069f96800cb5fed7d11cfc647885739658c62e7fdea5db22b327a11a4.scope error 'cpu_stat.throttled_time'
2025-09-18 23:39:05,349 INFO At t=1408454.219895531 docker-d9cf6ebc715d830fa464165ed6316a76e8c2b0cd5bfb673c8033f8269f9c9188.scope error 'cpu_stat.throttled_time'
2025-09-18 23:39:05,349 INFO At t=1408454.219895531 cri-containerd-dc0571845d4f8a279459c8749c12c4888be6b92fbd178da224f04470d5fa9579.scope error 'cpu_stat.throttled_time'
2025-09-18 23:39:05,349 INFO mean=0.0000, std=0.0000, Target core for docke=0.0000
2025-09-18 23:39:05,350 INFO mean=0.0000, std=0.0000, Target core for cri-c=0.0000
2025-09-18 23:39:05,350 INFO mean=0.0000, std=0.0001, Target core for cri-c=0.0004
2025-09-18 23:39:05,350 INFO At t=1408454.2199, cri-c, curr. spread=0.0002, obs. spread=0.0002, len=10, thresh=0.0000, last_scale_diff=1408454.2199
2025-09-18 23:39:05,350 INFO At t=1408454.219895531, dts=[0.0, 0.00018499999998766725, 0.0, 0.0, 0.0, 0.0, 0.0, 0.0, 0.0, 0.0], mu=0.0000, std=0.0001
2025-09-18 23:39:05,351 INFO mean=0.0000, std=0.0000, Target core for docke=0.0000
2025-09-18 23:39:05,351 INFO mean=0.0000, std=0.0000, Target core for cri-c=0.0000
2025-09-18 23:39:05,351 INFO At 1408454.2404 sleeping for 0.5000 sec ...
2025-09-18 23:39:05,852 INFO At 1408454.7404 woke up
2025-09-18 23:39:05,868 INFO [WARNING] Cgroup v2 file missing for init.scope: /sys/fs/cgroup/user.slice/user-1000.slice/user@1000.service/init.scope/cpu.max
2025-09-18 23:39:05,869 INFO [WARNING] Cgroup v2 file missing for session-2.scope: /sys/fs/cgroup/user.slice/user-1000.slice/session-2.scope/cpu.max
2025-09-18 23:39:05,869 INFO [WARNING] Cgroup v2 file missing for session-467.scope: /sys/fs/cgroup/user.slice/user-1000.slice/session-467.scope/cpu.max
2025-09-18 23:39:05,869 INFO [WARNING] Cgroup v2 file missing for session-468.scope: /sys/fs/cgroup/user.slice/user-1000.slice/session-468.scope/cpu.max
2025-09-18 23:39:05,869 INFO [WARNING] Cgroup v2 file missing for session-1.scope: /sys/fs/cgroup/user.slice/user-1000.slice/session-1.scope/cpu.max
2025-09-18 23:39:05,869 INFO [WARNING] Cgroup v2 file missing for session-13.scope: /sys/fs/cgroup/user.slice/user-1000.slice/session-13.scope/cpu.max
2025-09-18 23:39:05,869 INFO [WARNING] Skipping init.scope: missing cpu.max
2025-09-18 23:39:05,869 INFO [WARNING] Skipping session-2.scope: missing cpu.max
2025-09-18 23:39:05,870 INFO [WARNING] Skipping session-467.scope: missing cpu.max
2025-09-18 23:39:05,870 INFO [WARNING] Skipping session-468.scope: missing cpu.max
2025-09-18 23:39:05,870 INFO [WARNING] Skipping session-1.scope: missing cpu.max
2025-09-18 23:39:05,870 INFO [WARNING] Skipping session-13.scope: missing cpu.max
2025-09-18 23:39:05,870 INFO At t=1408454.74038897 docker-2c33733f0ca9fc25b8bb24d1aa0287e7f2db80bf0443edf5a54ce6a22f1c8dfc.scope error 'cpu_stat.throttled_time'
2025-09-18 23:39:05,870 INFO At t=1408454.74038897 cri-containerd-4c96bcb9ea5c3df6153fb2e276cb877bc294d0f0408088d0ad24f9b297426d00.scope error 'cpu_stat.throttled_time'
2025-09-18 23:39:05,870 INFO At t=1408454.74038897 cri-containerd-d4e908f069f96800cb5fed7d11cfc647885739658c62e7fdea5db22b327a11a4.scope error 'cpu_stat.throttled_time'
2025-09-18 23:39:05,870 INFO At t=1408454.74038897 docker-d9cf6ebc715d830fa464165ed6316a76e8c2b0cd5bfb673c8033f8269f9c9188.scope error 'cpu_stat.throttled_time'
2025-09-18 23:39:05,871 INFO At t=1408454.74038897 cri-containerd-dc0571845d4f8a279459c8749c12c4888be6b92fbd178da224f04470d5fa9579.scope error 'cpu_stat.throttled_time'
2025-09-18 23:39:05,871 INFO mean=0.0000, std=0.0000, Target core for docke=0.0000
2025-09-18 23:39:05,871 INFO mean=0.0000, std=0.0000, Target core for cri-c=0.0000
2025-09-18 23:39:05,871 INFO mean=0.0000, std=0.0001, Target core for cri-c=0.0005
2025-09-18 23:39:05,872 INFO At t=1408454.7404, cri-c, curr. spread=0.0002, obs. spread=0.0003, len=10, thresh=0.0000, last_scale_diff=1408454.7404
2025-09-18 23:39:05,872 INFO At t=1408454.74038897, dts=[0.00018499999998766725, 0.0, 0.0, 0.0, 0.0, 0.0, 0.0, 0.0, 0.0, 0.00020300000005590846], mu=0.0000, std=0.0001
2025-09-18 23:39:53,511 INFO At 1408502.4004 sleeping for 0.5000 sec ...
2025-09-18 23:39:54,012 INFO At 1408502.9004 woke up
2025-09-18 23:39:54,017 INFO [WARNING] Cgroup v2 file missing for init.scope: /sys/fs/cgroup/user.slice/user-1000.slice/user@1000.service/init.scope/cpu.max
2025-09-18 23:39:54,017 INFO [WARNING] Cgroup v2 file missing for session-2.scope: /sys/fs/cgroup/user.slice/user-1000.slice/session-2.scope/cpu.max
2025-09-18 23:39:54,017 INFO [WARNING] Cgroup v2 file missing for session-467.scope: /sys/fs/cgroup/user.slice/user-1000.slice/session-467.scope/cpu.max
2025-09-18 23:39:54,017 INFO [WARNING] Cgroup v2 file missing for session-468.scope: /sys/fs/cgroup/user.slice/user-1000.slice/session-468.scope/cpu.max
2025-09-18 23:39:54,017 INFO [WARNING] Cgroup v2 file missing for session-1.scope: /sys/fs/cgroup/user.slice/user-1000.slice/session-1.scope/cpu.max
2025-09-18 23:39:54,017 INFO [WARNING] Cgroup v2 file missing for session-13.scope: /sys/fs/cgroup/user.slice/user-1000.slice/session-13.scope/cpu.max
2025-09-18 23:39:54,018 INFO [WARNING] Skipping init.scope: missing cpu.max
2025-09-18 23:39:54,018 INFO [WARNING] Skipping session-2.scope: missing cpu.max
2025-09-18 23:39:54,018 INFO [WARNING] Skipping session-467.scope: missing cpu.max
2025-09-18 23:39:54,018 INFO [WARNING] Skipping session-468.scope: missing cpu.max
2025-09-18 23:39:54,018 INFO [WARNING] Skipping session-1.scope: missing cpu.max
2025-09-18 23:39:54,018 INFO [WARNING] Skipping session-13.scope: missing cpu.max
2025-09-18 23:39:54,018 INFO At t=1408502.900362796 docker-2c33733f0ca9fc25b8bb24d1aa0287e7f2db80bf0443edf5a54ce6a22f1c8dfc.scope error 'cpu_stat.throttled_time'
2025-09-18 23:39:54,018 INFO At t=1408502.900362796 cri-containerd-4c96bcb9ea5c3df6153fb2e276cb877bc294d0f0408088d0ad24f9b297426d00.scope error 'cpu_stat.throttled_time'
2025-09-18 23:39:54,018 INFO At t=1408502.900362796 cri-containerd-d4e908f069f96800cb5fed7d11cfc647885739658c62e7fdea5db22b327a11a4.scope error 'cpu_stat.throttled_time'
2025-09-18 23:39:54,018 INFO At t=1408502.900362796 docker-d9cf6ebc715d830fa464165ed6316a76e8c2b0cd5bfb673c8033f8269f9c9188.scope error 'cpu_stat.throttled_time'
2025-09-18 23:39:54,018 INFO At t=1408502.900362796 cri-containerd-dc0571845d4f8a279459c8749c12c4888be6b92fbd178da224f04470d5fa9579.scope error 'cpu_stat.throttled_time'
2025-09-18 23:39:54,018 INFO mean=0.0000, std=0.0000, Target core for docke=0.0000
2025-09-18 23:39:54,018 INFO mean=0.0000, std=0.0000, Target core for cri-c=0.0000
2025-09-18 23:39:54,018 INFO mean=0.0000, std=0.0000, Target core for cri-c=0.0000
2025-09-18 23:39:54,019 INFO mean=0.0000, std=0.0000, Target core for docke=0.0000
2025-09-18 23:39:54,019 INFO mean=0.0000, std=0.0000, Target core for cri-c=0.0000
2025-09-18 23:39:54,019 INFO At 1408502.9082 sleeping for 0.5000 sec ...
2025-09-18 23:39:54,519 INFO At 1408503.4082 woke up
2025-09-18 23:39:54,525 INFO [WARNING] Cgroup v2 file missing for init.scope: /sys/fs/cgroup/user.slice/user-1000.slice/user@1000.service/init.scope/cpu.max
2025-09-18 23:39:54,525 INFO [WARNING] Cgroup v2 file missing for session-2.scope: /sys/fs/cgroup/user.slice/user-1000.slice/session-2.scope/cpu.max
2025-09-18 23:39:54,525 INFO [WARNING] Cgroup v2 file missing for session-467.scope: /sys/fs/cgroup/user.slice/user-1000.slice/session-467.scope/cpu.max
2025-09-18 23:39:54,525 INFO [WARNING] Cgroup v2 file missing for session-468.scope: /sys/fs/cgroup/user.slice/user-1000.slice/session-468.scope/cpu.max
2025-09-18 23:39:54,525 INFO [WARNING] Cgroup v2 file missing for session-1.scope: /sys/fs/cgroup/user.slice/user-1000.slice/session-1.scope/cpu.max
2025-09-18 23:39:54,525 INFO [WARNING] Cgroup v2 file missing for session-13.scope: /sys/fs/cgroup/user.slice/user-1000.slice/session-13.scope/cpu.max
2025-09-18 23:39:54,525 INFO [WARNING] Skipping init.scope: missing cpu.max
2025-09-18 23:39:54,525 INFO [WARNING] Skipping session-2.scope: missing cpu.max
2025-09-18 23:39:54,525 INFO [WARNING] Skipping session-467.scope: missing cpu.max
2025-09-18 23:39:54,525 INFO [WARNING] Skipping session-468.scope: missing cpu.max
2025-09-18 23:39:54,525 INFO [WARNING] Skipping session-1.scope: missing cpu.max
2025-09-18 23:39:54,525 INFO [WARNING] Skipping session-13.scope: missing cpu.max
2025-09-18 23:39:54,525 INFO At t=1408503.408174735 docker-2c33733f0ca9fc25b8bb24d1aa0287e7f2db80bf0443edf5a54ce6a22f1c8dfc.scope error 'cpu_stat.throttled_time'
2025-09-18 23:39:54,525 INFO At t=1408503.408174735 cri-containerd-4c96bcb9ea5c3df6153fb2e276cb877bc294d0f0408088d0ad24f9b297426d00.scope error 'cpu_stat.throttled_time'
2025-09-18 23:39:54,525 INFO At t=1408503.408174735 cri-containerd-d4e908f069f96800cb5fed7d11cfc647885739658c62e7fdea5db22b327a11a4.scope error 'cpu_stat.throttled_time'
2025-09-18 23:39:54,525 INFO At t=1408503.408174735 docker-d9cf6ebc715d830fa464165ed6316a76e8c2b0cd5bfb673c8033f8269f9c9188.scope error 'cpu_stat.throttled_time'
2025-09-18 23:39:54,525 INFO At t=1408503.408174735 cri-containerd-dc0571845d4f8a279459c8749c12c4888be6b92fbd178da224f04470d5fa9579.scope error 'cpu_stat.throttled_time'
2025-09-18 23:39:54,526 INFO mean=0.0000, std=0.0000, Target core for docke=0.0000
2025-09-18 23:39:54,526 INFO mean=0.0000, std=0.0000, Target core for cri-c=0.0000
2025-09-18 23:39:54,526 INFO mean=0.0000, std=0.0000, Target core for cri-c=0.0000
2025-09-18 23:39:54,526 INFO mean=0.0000, std=0.0000, Target core for docke=0.0000
2025-09-18 23:39:54,526 INFO mean=0.0000, std=0.0000, Target core for cri-c=0.0000
2025-09-18 23:39:54,526 INFO At 1408503.4155 sleeping for 0.5000 sec ...
2025-09-18 23:39:55,027 INFO At 1408503.9155 woke up
2025-09-18 23:39:55,032 INFO [WARNING] Cgroup v2 file missing for init.scope: /sys/fs/cgroup/user.slice/user-1000.slice/user@1000.service/init.scope/cpu.max
2025-09-18 23:39:55,032 INFO [WARNING] Cgroup v2 file missing for session-2.scope: /sys/fs/cgroup/user.slice/user-1000.slice/session-2.scope/cpu.max
2025-09-18 23:39:55,033 INFO [WARNING] Cgroup v2 file missing for session-467.scope: /sys/fs/cgroup/user.slice/user-1000.slice/session-467.scope/cpu.max
2025-09-18 23:39:55,033 INFO [WARNING] Cgroup v2 file missing for session-468.scope: /sys/fs/cgroup/user.slice/user-1000.slice/session-468.scope/cpu.max
2025-09-18 23:39:55,033 INFO [WARNING] Cgroup v2 file missing for session-1.scope: /sys/fs/cgroup/user.slice/user-1000.slice/session-1.scope/cpu.max
2025-09-18 23:39:55,033 INFO [WARNING] Cgroup v2 file missing for session-13.scope: /sys/fs/cgroup/user.slice/user-1000.slice/session-13.scope/cpu.max
2025-09-18 23:39:55,033 INFO [WARNING] Skipping init.scope: missing cpu.max
2025-09-18 23:39:55,033 INFO [WARNING] Skipping session-2.scope: missing cpu.max
2025-09-18 23:39:55,033 INFO [WARNING] Skipping session-467.scope: missing cpu.max
2025-09-18 23:39:55,033 INFO [WARNING] Skipping session-468.scope: missing cpu.max
2025-09-18 23:39:55,033 INFO [WARNING] Skipping session-1.scope: missing cpu.max
2025-09-18 23:39:55,033 INFO [WARNING] Skipping session-13.scope: missing cpu.max
2025-09-18 23:39:55,033 INFO At t=1408503.915482071 docker-2c33733f0ca9fc25b8bb24d1aa0287e7f2db80bf0443edf5a54ce6a22f1c8dfc.scope error 'cpu_stat.throttled_time'
2025-09-18 23:39:55,033 INFO At t=1408503.915482071 cri-containerd-4c96bcb9ea5c3df6153fb2e276cb877bc294d0f0408088d0ad24f9b297426d00.scope error 'cpu_stat.throttled_time'
2025-09-18 23:39:55,033 INFO At t=1408503.915482071 cri-containerd-d4e908f069f96800cb5fed7d11cfc647885739658c62e7fdea5db22b327a11a4.scope error 'cpu_stat.throttled_time'
2025-09-18 23:39:55,033 INFO At t=1408503.915482071 docker-d9cf6ebc715d830fa464165ed6316a76e8c2b0cd5bfb673c8033f8269f9c9188.scope error 'cpu_stat.throttled_time'
2025-09-18 23:39:55,033 INFO At t=1408503.915482071 cri-containerd-dc0571845d4f8a279459c8749c12c4888be6b92fbd178da224f04470d5fa9579.scope error 'cpu_stat.throttled_time'
2025-09-18 23:39:55,033 INFO mean=0.0000, std=0.0000, Target core for docke=0.0000
2025-09-18 23:39:55,033 INFO mean=0.0000, std=0.0000, Target core for cri-c=0.0000
2025-09-18 23:39:55,033 INFO mean=0.0000, std=0.0000, Target core for cri-c=0.0000
2025-09-18 23:39:55,034 INFO mean=0.0000, std=0.0000, Target core for docke=0.0000
2025-09-18 23:39:55,034 INFO mean=0.0000, std=0.0000, Target core for cri-c=0.0000
2025-09-18 23:39:55,034 INFO At 1408503.9232 sleeping for 0.5000 sec ...
2025-09-18 23:39:55,534 INFO At 1408504.4232 woke up
2025-09-18 23:39:55,542 INFO [WARNING] Cgroup v2 file missing for init.scope: /sys/fs/cgroup/user.slice/user-1000.slice/user@1000.service/init.scope/cpu.max
2025-09-18 23:39:55,542 INFO [WARNING] Cgroup v2 file missing for session-2.scope: /sys/fs/cgroup/user.slice/user-1000.slice/session-2.scope/cpu.max
2025-09-18 23:39:55,542 INFO [WARNING] Cgroup v2 file missing for session-467.scope: /sys/fs/cgroup/user.slice/user-1000.slice/session-467.scope/cpu.max
2025-09-18 23:39:55,542 INFO [WARNING] Cgroup v2 file missing for session-468.scope: /sys/fs/cgroup/user.slice/user-1000.slice/session-468.scope/cpu.max
2025-09-18 23:39:55,542 INFO [WARNING] Cgroup v2 file missing for session-1.scope: /sys/fs/cgroup/user.slice/user-1000.slice/session-1.scope/cpu.max
2025-09-18 23:39:55,542 INFO [WARNING] Cgroup v2 file missing for session-13.scope: /sys/fs/cgroup/user.slice/user-1000.slice/session-13.scope/cpu.max
2025-09-18 23:39:55,542 INFO [WARNING] Skipping init.scope: missing cpu.max
2025-09-18 23:39:55,542 INFO [WARNING] Skipping session-2.scope: missing cpu.max
2025-09-18 23:39:55,542 INFO [WARNING] Skipping session-467.scope: missing cpu.max
2025-09-18 23:39:55,542 INFO [WARNING] Skipping session-468.scope: missing cpu.max
2025-09-18 23:39:55,542 INFO [WARNING] Skipping session-1.scope: missing cpu.max
2025-09-18 23:39:55,542 INFO [WARNING] Skipping session-13.scope: missing cpu.max
2025-09-18 23:39:55,542 INFO At t=1408504.423169777 docker-2c33733f0ca9fc25b8bb24d1aa0287e7f2db80bf0443edf5a54ce6a22f1c8dfc.scope error 'cpu_stat.throttled_time'
2025-09-18 23:39:55,542 INFO At t=1408504.423169777 cri-containerd-4c96bcb9ea5c3df6153fb2e276cb877bc294d0f0408088d0ad24f9b297426d00.scope error 'cpu_stat.throttled_time'
2025-09-18 23:39:55,543 INFO At t=1408504.423169777 cri-containerd-d4e908f069f96800cb5fed7d11cfc647885739658c62e7fdea5db22b327a11a4.scope error 'cpu_stat.throttled_time'
2025-09-18 23:39:55,543 INFO At t=1408504.423169777 docker-d9cf6ebc715d830fa464165ed6316a76e8c2b0cd5bfb673c8033f8269f9c9188.scope error 'cpu_stat.throttled_time'
2025-09-18 23:39:55,543 INFO At t=1408504.423169777 cri-containerd-dc0571845d4f8a279459c8749c12c4888be6b92fbd178da224f04470d5fa9579.scope error 'cpu_stat.throttled_time'
2025-09-18 23:39:55,543 INFO mean=0.0000, std=0.0000, Target core for docke=0.0000
2025-09-18 23:39:55,543 INFO mean=0.0000, std=0.0000, Target core for cri-c=0.0000
2025-09-18 23:39:55,543 INFO mean=0.0000, std=0.0000, Target core for cri-c=0.0000
2025-09-18 23:39:55,543 INFO mean=0.0000, std=0.0000, Target core for docke=0.0000
2025-09-18 23:39:55,543 INFO mean=0.0000, std=0.0000, Target core for cri-c=0.0000
2025-09-18 23:39:55,543 INFO At 1408504.4327 sleeping for 0.5000 sec ...
2025-09-18 23:39:56,044 INFO At 1408504.9327 woke up
2025-09-18 23:39:56,053 INFO [WARNING] Cgroup v2 file missing for init.scope: /sys/fs/cgroup/user.slice/user-1000.slice/user@1000.service/init.scope/cpu.max
2025-09-18 23:39:56,053 INFO [WARNING] Cgroup v2 file missing for session-2.scope: /sys/fs/cgroup/user.slice/user-1000.slice/session-2.scope/cpu.max
2025-09-18 23:39:56,053 INFO [WARNING] Cgroup v2 file missing for session-467.scope: /sys/fs/cgroup/user.slice/user-1000.slice/session-467.scope/cpu.max
2025-09-18 23:39:56,053 INFO [WARNING] Cgroup v2 file missing for session-468.scope: /sys/fs/cgroup/user.slice/user-1000.slice/session-468.scope/cpu.max
2025-09-18 23:39:56,053 INFO [WARNING] Cgroup v2 file missing for session-1.scope: /sys/fs/cgroup/user.slice/user-1000.slice/session-1.scope/cpu.max
2025-09-18 23:39:56,053 INFO [WARNING] Cgroup v2 file missing for session-13.scope: /sys/fs/cgroup/user.slice/user-1000.slice/session-13.scope/cpu.max
2025-09-18 23:39:56,054 INFO [WARNING] Skipping init.scope: missing cpu.max
2025-09-18 23:39:56,054 INFO [WARNING] Skipping session-2.scope: missing cpu.max
2025-09-18 23:39:56,054 INFO [WARNING] Skipping session-467.scope: missing cpu.max
2025-09-18 23:39:56,054 INFO [WARNING] Skipping session-468.scope: missing cpu.max
2025-09-18 23:39:56,054 INFO [WARNING] Skipping session-1.scope: missing cpu.max
2025-09-18 23:39:56,054 INFO [WARNING] Skipping session-13.scope: missing cpu.max
2025-09-18 23:39:56,054 INFO At t=1408504.932748996 docker-2c33733f0ca9fc25b8bb24d1aa0287e7f2db80bf0443edf5a54ce6a22f1c8dfc.scope error 'cpu_stat.throttled_time'
2025-09-18 23:39:56,054 INFO At t=1408504.932748996 cri-containerd-4c96bcb9ea5c3df6153fb2e276cb877bc294d0f0408088d0ad24f9b297426d00.scope error 'cpu_stat.throttled_time'
2025-09-18 23:39:56,054 INFO At t=1408504.932748996 cri-containerd-d4e908f069f96800cb5fed7d11cfc647885739658c62e7fdea5db22b327a11a4.scope error 'cpu_stat.throttled_time'
2025-09-18 23:39:56,054 INFO At t=1408504.932748996 docker-d9cf6ebc715d830fa464165ed6316a76e8c2b0cd5bfb673c8033f8269f9c9188.scope error 'cpu_stat.throttled_time'
2025-09-18 23:39:56,054 INFO At t=1408504.932748996 cri-containerd-dc0571845d4f8a279459c8749c12c4888be6b92fbd178da224f04470d5fa9579.scope error 'cpu_stat.throttled_time'
2025-09-18 23:39:56,054 INFO mean=0.0000, std=0.0000, Target core for docke=0.0000
2025-09-18 23:39:56,055 INFO mean=0.0000, std=0.0000, Target core for cri-c=0.0000
2025-09-18 23:39:56,055 INFO mean=0.0001, std=0.0002, Target core for cri-c=0.0012
2025-09-18 23:39:56,055 INFO mean=0.0000, std=0.0000, Target core for docke=0.0000
2025-09-18 23:39:56,055 INFO mean=0.0000, std=0.0000, Target core for cri-c=0.0000
2025-09-18 23:39:56,055 INFO At 1408504.9445 sleeping for 0.5000 sec ...
2025-09-18 23:39:56,556 INFO At 1408505.4445 woke up
2025-09-18 23:39:56,567 INFO [WARNING] Cgroup v2 file missing for init.scope: /sys/fs/cgroup/user.slice/user-1000.slice/user@1000.service/init.scope/cpu.max
2025-09-18 23:39:56,567 INFO [WARNING] Cgroup v2 file missing for session-2.scope: /sys/fs/cgroup/user.slice/user-1000.slice/session-2.scope/cpu.max
2025-09-18 23:39:56,567 INFO [WARNING] Cgroup v2 file missing for session-467.scope: /sys/fs/cgroup/user.slice/user-1000.slice/session-467.scope/cpu.max
2025-09-18 23:39:56,567 INFO [WARNING] Cgroup v2 file missing for session-468.scope: /sys/fs/cgroup/user.slice/user-1000.slice/session-468.scope/cpu.max
2025-09-18 23:39:56,567 INFO [WARNING] Cgroup v2 file missing for session-1.scope: /sys/fs/cgroup/user.slice/user-1000.slice/session-1.scope/cpu.max
2025-09-18 23:39:56,567 INFO [WARNING] Cgroup v2 file missing for session-13.scope: /sys/fs/cgroup/user.slice/user-1000.slice/session-13.scope/cpu.max
2025-09-18 23:39:56,568 INFO [WARNING] Skipping init.scope: missing cpu.max
2025-09-18 23:39:56,568 INFO [WARNING] Skipping session-2.scope: missing cpu.max
2025-09-18 23:39:56,568 INFO [WARNING] Skipping session-467.scope: missing cpu.max
2025-09-18 23:39:56,568 INFO [WARNING] Skipping session-468.scope: missing cpu.max
2025-09-18 23:39:56,568 INFO [WARNING] Skipping session-1.scope: missing cpu.max
2025-09-18 23:39:56,568 INFO [WARNING] Skipping session-13.scope: missing cpu.max
2025-09-18 23:39:56,568 INFO At t=1408505.444524884 docker-2c33733f0ca9fc25b8bb24d1aa0287e7f2db80bf0443edf5a54ce6a22f1c8dfc.scope error 'cpu_stat.throttled_time'
2025-09-18 23:39:56,568 INFO At t=1408505.444524884 cri-containerd-4c96bcb9ea5c3df6153fb2e276cb877bc294d0f0408088d0ad24f9b297426d00.scope error 'cpu_stat.throttled_time'
2025-09-18 23:39:56,568 INFO At t=1408505.444524884 cri-containerd-d4e908f069f96800cb5fed7d11cfc647885739658c62e7fdea5db22b327a11a4.scope error 'cpu_stat.throttled_time'
2025-09-18 23:39:56,568 INFO At t=1408505.444524884 docker-d9cf6ebc715d830fa464165ed6316a76e8c2b0cd5bfb673c8033f8269f9c9188.scope error 'cpu_stat.throttled_time'
2025-09-18 23:39:56,568 INFO At t=1408505.444524884 cri-containerd-dc0571845d4f8a279459c8749c12c4888be6b92fbd178da224f04470d5fa9579.scope error 'cpu_stat.throttled_time'
2025-09-18 23:39:56,569 INFO mean=0.0000, std=0.0000, Target core for docke=0.0000
2025-09-18 23:39:56,569 INFO mean=0.0000, std=0.0000, Target core for cri-c=0.0000
2025-09-18 23:39:56,569 INFO mean=0.0001, std=0.0002, Target core for cri-c=0.0011
2025-09-18 23:39:56,569 INFO At t=1408505.4445, cri-c, curr. spread=0.0006, obs. spread=0.0006, len=6, thresh=0.0001, last_scale_diff=1408505.4445
2025-09-18 23:39:56,569 INFO At t=1408505.444524884, dts=[0, 0.0, 0.0, 0.0, 0.0004389999999148131, 0.0], mu=0.0001, std=0.0002
2025-09-18 23:39:56,569 INFO mean=0.0000, std=0.0000, Target core for docke=0.0000
2025-09-18 23:39:56,569 INFO mean=0.0000, std=0.0000, Target core for cri-c=0.0000
2025-09-18 23:39:56,570 INFO At 1408505.4590 sleeping for 0.5000 sec ...
2025-09-18 23:39:57,070 INFO At 1408505.9590 woke up
2025-09-18 23:39:57,083 INFO [WARNING] Cgroup v2 file missing for init.scope: /sys/fs/cgroup/user.slice/user-1000.slice/user@1000.service/init.scope/cpu.max
2025-09-18 23:39:57,083 INFO [WARNING] Cgroup v2 file missing for session-2.scope: /sys/fs/cgroup/user.slice/user-1000.slice/session-2.scope/cpu.max
2025-09-18 23:39:57,083 INFO [WARNING] Cgroup v2 file missing for session-467.scope: /sys/fs/cgroup/user.slice/user-1000.slice/session-467.scope/cpu.max
2025-09-18 23:39:57,083 INFO [WARNING] Cgroup v2 file missing for session-468.scope: /sys/fs/cgroup/user.slice/user-1000.slice/session-468.scope/cpu.max
2025-09-18 23:39:57,083 INFO [WARNING] Cgroup v2 file missing for session-1.scope: /sys/fs/cgroup/user.slice/user-1000.slice/session-1.scope/cpu.max
2025-09-18 23:39:57,083 INFO [WARNING] Cgroup v2 file missing for session-13.scope: /sys/fs/cgroup/user.slice/user-1000.slice/session-13.scope/cpu.max
2025-09-18 23:39:57,084 INFO [WARNING] Skipping init.scope: missing cpu.max
2025-09-18 23:39:57,084 INFO [WARNING] Skipping session-2.scope: missing cpu.max
2025-09-18 23:39:57,084 INFO [WARNING] Skipping session-467.scope: missing cpu.max
2025-09-18 23:39:57,084 INFO [WARNING] Skipping session-468.scope: missing cpu.max
2025-09-18 23:39:57,084 INFO [WARNING] Skipping session-1.scope: missing cpu.max
2025-09-18 23:39:57,084 INFO [WARNING] Skipping session-13.scope: missing cpu.max
2025-09-18 23:39:57,084 INFO At t=1408505.959000669 docker-2c33733f0ca9fc25b8bb24d1aa0287e7f2db80bf0443edf5a54ce6a22f1c8dfc.scope error 'cpu_stat.throttled_time'
2025-09-18 23:39:57,084 INFO At t=1408505.959000669 cri-containerd-4c96bcb9ea5c3df6153fb2e276cb877bc294d0f0408088d0ad24f9b297426d00.scope error 'cpu_stat.throttled_time'
2025-09-18 23:39:57,084 INFO At t=1408505.959000669 cri-containerd-d4e908f069f96800cb5fed7d11cfc647885739658c62e7fdea5db22b327a11a4.scope error 'cpu_stat.throttled_time'
2025-09-18 23:39:57,084 INFO At t=1408505.959000669 docker-d9cf6ebc715d830fa464165ed6316a76e8c2b0cd5bfb673c8033f8269f9c9188.scope error 'cpu_stat.throttled_time'
2025-09-18 23:39:57,085 INFO At t=1408505.959000669 cri-containerd-dc0571845d4f8a279459c8749c12c4888be6b92fbd178da224f04470d5fa9579.scope error 'cpu_stat.throttled_time'
2025-09-18 23:39:57,085 INFO mean=0.0000, std=0.0000, Target core for docke=0.0000
2025-09-18 23:39:57,085 INFO mean=0.0000, std=0.0000, Target core for cri-c=0.0000
2025-09-18 23:39:57,085 INFO mean=0.0001, std=0.0002, Target core for cri-c=0.0010
2025-09-18 23:39:57,085 INFO At t=1408505.9590, cri-c, curr. spread=0.0006, obs. spread=0.0005, len=7, thresh=0.0001, last_scale_diff=1408505.9590
2025-09-18 23:39:57,085 INFO At t=1408505.959000669, dts=[0, 0.0, 0.0, 0.0, 0.0004389999999148131, 0.0, 0.0], mu=0.0001, std=0.0002
2025-09-18 23:39:57,086 INFO mean=0.0000, std=0.0000, Target core for docke=0.0000
2025-09-18 23:39:57,086 INFO mean=0.0000, std=0.0000, Target core for cri-c=0.0000
2025-09-18 23:39:57,086 INFO At 1408505.9753 sleeping for 0.5000 sec ...
2025-09-18 23:39:57,586 INFO At 1408506.4753 woke up
2025-09-18 23:39:57,601 INFO [WARNING] Cgroup v2 file missing for init.scope: /sys/fs/cgroup/user.slice/user-1000.slice/user@1000.service/init.scope/cpu.max
2025-09-18 23:39:57,602 INFO [WARNING] Cgroup v2 file missing for session-2.scope: /sys/fs/cgroup/user.slice/user-1000.slice/session-2.scope/cpu.max
2025-09-18 23:39:57,602 INFO [WARNING] Cgroup v2 file missing for session-467.scope: /sys/fs/cgroup/user.slice/user-1000.slice/session-467.scope/cpu.max
2025-09-18 23:39:57,602 INFO [WARNING] Cgroup v2 file missing for session-468.scope: /sys/fs/cgroup/user.slice/user-1000.slice/session-468.scope/cpu.max
2025-09-18 23:39:57,602 INFO [WARNING] Cgroup v2 file missing for session-1.scope: /sys/fs/cgroup/user.slice/user-1000.slice/session-1.scope/cpu.max
2025-09-18 23:39:57,602 INFO [WARNING] Cgroup v2 file missing for session-13.scope: /sys/fs/cgroup/user.slice/user-1000.slice/session-13.scope/cpu.max
2025-09-18 23:39:57,602 INFO [WARNING] Skipping init.scope: missing cpu.max
2025-09-18 23:39:57,602 INFO [WARNING] Skipping session-2.scope: missing cpu.max
2025-09-18 23:39:57,602 INFO [WARNING] Skipping session-467.scope: missing cpu.max
2025-09-18 23:39:57,602 INFO [WARNING] Skipping session-468.scope: missing cpu.max
2025-09-18 23:39:57,603 INFO [WARNING] Skipping session-1.scope: missing cpu.max
2025-09-18 23:39:57,603 INFO [WARNING] Skipping session-13.scope: missing cpu.max
2025-09-18 23:39:57,603 INFO At t=1408506.475322566 docker-2c33733f0ca9fc25b8bb24d1aa0287e7f2db80bf0443edf5a54ce6a22f1c8dfc.scope error 'cpu_stat.throttled_time'
2025-09-18 23:39:57,603 INFO At t=1408506.475322566 cri-containerd-4c96bcb9ea5c3df6153fb2e276cb877bc294d0f0408088d0ad24f9b297426d00.scope error 'cpu_stat.throttled_time'
2025-09-18 23:39:57,603 INFO At t=1408506.475322566 cri-containerd-d4e908f069f96800cb5fed7d11cfc647885739658c62e7fdea5db22b327a11a4.scope error 'cpu_stat.throttled_time'
2025-09-18 23:39:57,603 INFO At t=1408506.475322566 docker-d9cf6ebc715d830fa464165ed6316a76e8c2b0cd5bfb673c8033f8269f9c9188.scope error 'cpu_stat.throttled_time'
2025-09-18 23:39:57,603 INFO At t=1408506.475322566 cri-containerd-dc0571845d4f8a279459c8749c12c4888be6b92fbd178da224f04470d5fa9579.scope error 'cpu_stat.throttled_time'
2025-09-18 23:39:57,604 INFO mean=0.0000, std=0.0000, Target core for docke=0.0000
2025-09-18 23:39:57,604 INFO mean=0.0000, std=0.0000, Target core for cri-c=0.0000
2025-09-18 23:39:57,604 INFO mean=0.0001, std=0.0001, Target core for cri-c=0.0010
2025-09-18 23:39:57,604 INFO At t=1408506.4753, cri-c, curr. spread=0.0006, obs. spread=0.0005, len=8, thresh=0.0001, last_scale_diff=1408506.4753
2025-09-18 23:39:57,604 INFO At t=1408506.475322566, dts=[0, 0.0, 0.0, 0.0, 0.0004389999999148131, 0.0, 0.0, 0.0], mu=0.0001, std=0.0001
2025-09-18 23:39:57,604 INFO [DEBUG] Found cgroup file: /sys/fs/cgroup/kubepods.slice/kubepods-besteffort.slice/kubepods-besteffort-pod9e7598a9_9f3d_4d31_997c_2aca02cd8561.slice/cri-containerd-d4e908f069f96800cb5fed7d11cfc647885739658c62e7fdea5db22b327a11a4.scope/cpu.max
2025-09-18 23:40:20,175 INFO At 1408529.0648 sleeping for 0.5000 sec ...
2025-09-18 23:40:20,676 INFO At 1408529.5648 woke up
2025-09-18 23:40:20,682 INFO [WARNING] Cgroup v2 file missing for init.scope: /sys/fs/cgroup/user.slice/user-1000.slice/user@1000.service/init.scope/cpu.max
2025-09-18 23:40:20,682 INFO [WARNING] Cgroup v2 file missing for session-2.scope: /sys/fs/cgroup/user.slice/user-1000.slice/session-2.scope/cpu.max
2025-09-18 23:40:20,682 INFO [WARNING] Cgroup v2 file missing for session-467.scope: /sys/fs/cgroup/user.slice/user-1000.slice/session-467.scope/cpu.max
2025-09-18 23:40:20,682 INFO [WARNING] Cgroup v2 file missing for session-468.scope: /sys/fs/cgroup/user.slice/user-1000.slice/session-468.scope/cpu.max
2025-09-18 23:40:20,682 INFO [WARNING] Cgroup v2 file missing for session-1.scope: /sys/fs/cgroup/user.slice/user-1000.slice/session-1.scope/cpu.max
2025-09-18 23:40:20,682 INFO [WARNING] Cgroup v2 file missing for session-13.scope: /sys/fs/cgroup/user.slice/user-1000.slice/session-13.scope/cpu.max
2025-09-18 23:40:20,682 INFO [WARNING] Skipping init.scope: missing cpu.max
2025-09-18 23:40:20,682 INFO [WARNING] Skipping session-2.scope: missing cpu.max
2025-09-18 23:40:20,682 INFO [WARNING] Skipping session-467.scope: missing cpu.max
2025-09-18 23:40:20,682 INFO [WARNING] Skipping session-468.scope: missing cpu.max
2025-09-18 23:40:20,682 INFO [WARNING] Skipping session-1.scope: missing cpu.max
2025-09-18 23:40:20,682 INFO [WARNING] Skipping session-13.scope: missing cpu.max
2025-09-18 23:40:20,683 INFO At t=1408529.564822336 docker-2c33733f0ca9fc25b8bb24d1aa0287e7f2db80bf0443edf5a54ce6a22f1c8dfc.scope error 'cpu_stat.throttled_time'
2025-09-18 23:40:20,683 INFO At t=1408529.564822336 cri-containerd-4c96bcb9ea5c3df6153fb2e276cb877bc294d0f0408088d0ad24f9b297426d00.scope error 'cpu_stat.throttled_time'
2025-09-18 23:40:20,683 INFO At t=1408529.564822336 cri-containerd-d4e908f069f96800cb5fed7d11cfc647885739658c62e7fdea5db22b327a11a4.scope error 'cpu_stat.throttled_time'
2025-09-18 23:40:20,683 INFO At t=1408529.564822336 docker-d9cf6ebc715d830fa464165ed6316a76e8c2b0cd5bfb673c8033f8269f9c9188.scope error 'cpu_stat.throttled_time'
2025-09-18 23:40:20,683 INFO At t=1408529.564822336 cri-containerd-dc0571845d4f8a279459c8749c12c4888be6b92fbd178da224f04470d5fa9579.scope error 'cpu_stat.throttled_time'
2025-09-18 23:40:20,683 INFO mean=0.0000, std=0.0000, Target core for docke=0.0000
2025-09-18 23:40:20,683 INFO mean=0.0000, std=0.0000, Target core for cri-c=0.0000
2025-09-18 23:40:20,683 INFO mean=0.0000, std=0.0000, Target core for cri-c=0.0000
2025-09-18 23:40:20,683 INFO mean=0.0000, std=0.0000, Target core for docke=0.0000
2025-09-18 23:40:20,683 INFO mean=0.0000, std=0.0000, Target core for cri-c=0.0000
2025-09-18 23:40:20,683 INFO At 1408529.5728 sleeping for 0.5000 sec ...
2025-09-18 23:40:21,184 INFO At 1408530.0728 woke up
2025-09-18 23:40:21,189 INFO [WARNING] Cgroup v2 file missing for init.scope: /sys/fs/cgroup/user.slice/user-1000.slice/user@1000.service/init.scope/cpu.max
2025-09-18 23:40:21,189 INFO [WARNING] Cgroup v2 file missing for session-2.scope: /sys/fs/cgroup/user.slice/user-1000.slice/session-2.scope/cpu.max
2025-09-18 23:40:21,189 INFO [WARNING] Cgroup v2 file missing for session-467.scope: /sys/fs/cgroup/user.slice/user-1000.slice/session-467.scope/cpu.max
2025-09-18 23:40:21,190 INFO [WARNING] Cgroup v2 file missing for session-468.scope: /sys/fs/cgroup/user.slice/user-1000.slice/session-468.scope/cpu.max
2025-09-18 23:40:21,190 INFO [WARNING] Cgroup v2 file missing for session-1.scope: /sys/fs/cgroup/user.slice/user-1000.slice/session-1.scope/cpu.max
2025-09-18 23:40:21,190 INFO [WARNING] Cgroup v2 file missing for session-13.scope: /sys/fs/cgroup/user.slice/user-1000.slice/session-13.scope/cpu.max
2025-09-18 23:40:21,190 INFO [WARNING] Skipping init.scope: missing cpu.max
2025-09-18 23:40:21,190 INFO [WARNING] Skipping session-2.scope: missing cpu.max
2025-09-18 23:40:21,190 INFO [WARNING] Skipping session-467.scope: missing cpu.max
2025-09-18 23:40:21,190 INFO [WARNING] Skipping session-468.scope: missing cpu.max
2025-09-18 23:40:21,190 INFO [WARNING] Skipping session-1.scope: missing cpu.max
2025-09-18 23:40:21,190 INFO [WARNING] Skipping session-13.scope: missing cpu.max
2025-09-18 23:40:21,190 INFO At t=1408530.072767518 docker-2c33733f0ca9fc25b8bb24d1aa0287e7f2db80bf0443edf5a54ce6a22f1c8dfc.scope error 'cpu_stat.throttled_time'
2025-09-18 23:40:21,190 INFO At t=1408530.072767518 cri-containerd-4c96bcb9ea5c3df6153fb2e276cb877bc294d0f0408088d0ad24f9b297426d00.scope error 'cpu_stat.throttled_time'
2025-09-18 23:40:21,190 INFO At t=1408530.072767518 cri-containerd-d4e908f069f96800cb5fed7d11cfc647885739658c62e7fdea5db22b327a11a4.scope error 'cpu_stat.throttled_time'
2025-09-18 23:40:21,190 INFO At t=1408530.072767518 docker-d9cf6ebc715d830fa464165ed6316a76e8c2b0cd5bfb673c8033f8269f9c9188.scope error 'cpu_stat.throttled_time'
2025-09-18 23:40:21,190 INFO At t=1408530.072767518 cri-containerd-dc0571845d4f8a279459c8749c12c4888be6b92fbd178da224f04470d5fa9579.scope error 'cpu_stat.throttled_time'
2025-09-18 23:40:21,190 INFO mean=0.0000, std=0.0000, Target core for docke=0.0000
2025-09-18 23:40:21,190 INFO mean=0.0000, std=0.0000, Target core for cri-c=0.0000
2025-09-18 23:40:21,190 INFO mean=0.0001, std=0.0001, Target core for cri-c=0.0011
2025-09-18 23:40:21,190 INFO mean=0.0000, std=0.0000, Target core for docke=0.0000
2025-09-18 23:40:21,190 INFO mean=0.0000, std=0.0000, Target core for cri-c=0.0000
2025-09-18 23:40:21,190 INFO At 1408530.0800 sleeping for 0.5000 sec ...
2025-09-18 23:40:21,691 INFO At 1408530.5800 woke up
2025-09-18 23:40:21,697 INFO [WARNING] Cgroup v2 file missing for init.scope: /sys/fs/cgroup/user.slice/user-1000.slice/user@1000.service/init.scope/cpu.max
2025-09-18 23:40:21,697 INFO [WARNING] Cgroup v2 file missing for session-2.scope: /sys/fs/cgroup/user.slice/user-1000.slice/session-2.scope/cpu.max
2025-09-18 23:40:21,697 INFO [WARNING] Cgroup v2 file missing for session-467.scope: /sys/fs/cgroup/user.slice/user-1000.slice/session-467.scope/cpu.max
2025-09-18 23:40:21,697 INFO [WARNING] Cgroup v2 file missing for session-468.scope: /sys/fs/cgroup/user.slice/user-1000.slice/session-468.scope/cpu.max
2025-09-18 23:40:21,697 INFO [WARNING] Cgroup v2 file missing for session-1.scope: /sys/fs/cgroup/user.slice/user-1000.slice/session-1.scope/cpu.max
2025-09-18 23:40:21,697 INFO [WARNING] Cgroup v2 file missing for session-13.scope: /sys/fs/cgroup/user.slice/user-1000.slice/session-13.scope/cpu.max
2025-09-18 23:40:21,698 INFO [WARNING] Skipping init.scope: missing cpu.max
2025-09-18 23:40:21,698 INFO [WARNING] Skipping session-2.scope: missing cpu.max
2025-09-18 23:40:21,698 INFO [WARNING] Skipping session-467.scope: missing cpu.max
2025-09-18 23:40:21,698 INFO [WARNING] Skipping session-468.scope: missing cpu.max
2025-09-18 23:40:21,698 INFO [WARNING] Skipping session-1.scope: missing cpu.max
2025-09-18 23:40:21,698 INFO [WARNING] Skipping session-13.scope: missing cpu.max
2025-09-18 23:40:21,698 INFO At t=1408530.579980636 docker-2c33733f0ca9fc25b8bb24d1aa0287e7f2db80bf0443edf5a54ce6a22f1c8dfc.scope error 'cpu_stat.throttled_time'
2025-09-18 23:40:21,698 INFO At t=1408530.579980636 cri-containerd-4c96bcb9ea5c3df6153fb2e276cb877bc294d0f0408088d0ad24f9b297426d00.scope error 'cpu_stat.throttled_time'
2025-09-18 23:40:21,698 INFO At t=1408530.579980636 cri-containerd-d4e908f069f96800cb5fed7d11cfc647885739658c62e7fdea5db22b327a11a4.scope error 'cpu_stat.throttled_time'
2025-09-18 23:40:21,698 INFO At t=1408530.579980636 docker-d9cf6ebc715d830fa464165ed6316a76e8c2b0cd5bfb673c8033f8269f9c9188.scope error 'cpu_stat.throttled_time'
2025-09-18 23:40:21,698 INFO At t=1408530.579980636 cri-containerd-dc0571845d4f8a279459c8749c12c4888be6b92fbd178da224f04470d5fa9579.scope error 'cpu_stat.throttled_time'
2025-09-18 23:40:21,698 INFO mean=0.0000, std=0.0000, Target core for docke=0.0000
2025-09-18 23:40:21,698 INFO mean=0.0000, std=0.0000, Target core for cri-c=0.0000
2025-09-18 23:40:21,698 INFO mean=0.0001, std=0.0001, Target core for cri-c=0.0010
2025-09-18 23:40:21,698 INFO At t=1408530.5800, cri-c, curr. spread=0.0005, obs. spread=0.0005, len=3, thresh=0.0001, last_scale_diff=1408530.5800
2025-09-18 23:40:21,698 INFO At t=1408530.579980636, dts=[0, 0.00027399999999033753, 0.0], mu=0.0001, std=0.0001
2025-09-18 23:40:21,698 INFO mean=0.0000, std=0.0000, Target core for docke=0.0000
2025-09-18 23:40:21,698 INFO mean=0.0000, std=0.0000, Target core for cri-c=0.0000
2025-09-18 23:40:21,698 INFO At 1408530.5880 sleeping for 0.5000 sec ...
2025-09-18 23:40:22,199 INFO At 1408531.0880 woke up
2025-09-18 23:40:22,206 INFO [WARNING] Cgroup v2 file missing for init.scope: /sys/fs/cgroup/user.slice/user-1000.slice/user@1000.service/init.scope/cpu.max
2025-09-18 23:40:22,206 INFO [WARNING] Cgroup v2 file missing for session-2.scope: /sys/fs/cgroup/user.slice/user-1000.slice/session-2.scope/cpu.max
2025-09-18 23:40:22,206 INFO [WARNING] Cgroup v2 file missing for session-467.scope: /sys/fs/cgroup/user.slice/user-1000.slice/session-467.scope/cpu.max
2025-09-18 23:40:22,206 INFO [WARNING] Cgroup v2 file missing for session-468.scope: /sys/fs/cgroup/user.slice/user-1000.slice/session-468.scope/cpu.max
2025-09-18 23:40:22,206 INFO [WARNING] Cgroup v2 file missing for session-1.scope: /sys/fs/cgroup/user.slice/user-1000.slice/session-1.scope/cpu.max
2025-09-18 23:40:22,206 INFO [WARNING] Cgroup v2 file missing for session-13.scope: /sys/fs/cgroup/user.slice/user-1000.slice/session-13.scope/cpu.max
2025-09-18 23:40:22,207 INFO [WARNING] Skipping init.scope: missing cpu.max
2025-09-18 23:40:22,207 INFO [WARNING] Skipping session-2.scope: missing cpu.max
2025-09-18 23:40:22,207 INFO [WARNING] Skipping session-467.scope: missing cpu.max
2025-09-18 23:40:22,207 INFO [WARNING] Skipping session-468.scope: missing cpu.max
2025-09-18 23:40:22,207 INFO [WARNING] Skipping session-1.scope: missing cpu.max
2025-09-18 23:40:22,207 INFO [WARNING] Skipping session-13.scope: missing cpu.max
2025-09-18 23:40:22,207 INFO At t=1408531.087969066 docker-2c33733f0ca9fc25b8bb24d1aa0287e7f2db80bf0443edf5a54ce6a22f1c8dfc.scope error 'cpu_stat.throttled_time'
2025-09-18 23:40:22,207 INFO At t=1408531.087969066 cri-containerd-4c96bcb9ea5c3df6153fb2e276cb877bc294d0f0408088d0ad24f9b297426d00.scope error 'cpu_stat.throttled_time'
2025-09-18 23:40:22,207 INFO At t=1408531.087969066 cri-containerd-d4e908f069f96800cb5fed7d11cfc647885739658c62e7fdea5db22b327a11a4.scope error 'cpu_stat.throttled_time'
2025-09-18 23:40:22,207 INFO At t=1408531.087969066 docker-d9cf6ebc715d830fa464165ed6316a76e8c2b0cd5bfb673c8033f8269f9c9188.scope error 'cpu_stat.throttled_time'
2025-09-18 23:40:22,207 INFO At t=1408531.087969066 cri-containerd-dc0571845d4f8a279459c8749c12c4888be6b92fbd178da224f04470d5fa9579.scope error 'cpu_stat.throttled_time'
2025-09-18 23:40:22,207 INFO mean=0.0000, std=0.0000, Target core for docke=0.0000
2025-09-18 23:40:22,207 INFO mean=0.0000, std=0.0000, Target core for cri-c=0.0000
2025-09-18 23:40:22,207 INFO mean=0.0001, std=0.0001, Target core for cri-c=0.0008
2025-09-18 23:40:22,207 INFO At t=1408531.0880, cri-c, curr. spread=0.0005, obs. spread=0.0004, len=4, thresh=0.0001, last_scale_diff=1408531.0880
2025-09-18 23:40:22,207 INFO At t=1408531.087969066, dts=[0, 0.00027399999999033753, 0.0, 0.0], mu=0.0001, std=0.0001
2025-09-18 23:40:22,208 INFO [DEBUG] Found cgroup file: /sys/fs/cgroup/kubepods.slice/kubepods-besteffort.slice/kubepods-besteffort-pod9e7598a9_9f3d_4d31_997c_2aca02cd8561.slice/cri-containerd-d4e908f069f96800cb5fed7d11cfc647885739658c62e7fdea5db22b327a11a4.scope/cpu.max
2025-09-18 23:40:22,208 INFO 2025-09-18 23:40:22.208149 Written cpu.max=1000 100000 to name=cri-containerd-d4e908f069f96800cb5fed7d11cfc647885739658c62e7fdea5db22b327a11a4.scope,(node,pod,container_id)=/sys/fs/cgroup/kubepods.slice/kubepods-besteffort.slice/kubepods-besteffort-pod9e7598a9_9f3d_4d31_997c_2aca02cd8561.slice/cri-containerd-d4e908f069f96800cb5fed7d11cfc647885739658c62e7fdea5db22b327a11a4.scope
2025-09-18 23:40:22,208 INFO mean=0.0000, std=0.0000, Target core for docke=0.0000
2025-09-18 23:40:22,208 INFO mean=0.0000, std=0.0000, Target core for cri-c=0.0000
2025-09-18 23:40:22,208 INFO At 1408531.0975 sleeping for 0.5000 sec ...
2025-09-18 23:40:22,709 INFO At 1408531.5975 woke up
2025-09-18 23:40:22,717 INFO [WARNING] Cgroup v2 file missing for init.scope: /sys/fs/cgroup/user.slice/user-1000.slice/user@1000.service/init.scope/cpu.max
2025-09-18 23:40:22,717 INFO [WARNING] Cgroup v2 file missing for session-2.scope: /sys/fs/cgroup/user.slice/user-1000.slice/session-2.scope/cpu.max
2025-09-18 23:40:22,718 INFO [WARNING] Cgroup v2 file missing for session-467.scope: /sys/fs/cgroup/user.slice/user-1000.slice/session-467.scope/cpu.max
2025-09-18 23:40:22,718 INFO [WARNING] Cgroup v2 file missing for session-468.scope: /sys/fs/cgroup/user.slice/user-1000.slice/session-468.scope/cpu.max
2025-09-18 23:40:22,718 INFO [WARNING] Cgroup v2 file missing for session-1.scope: /sys/fs/cgroup/user.slice/user-1000.slice/session-1.scope/cpu.max
2025-09-18 23:40:22,718 INFO [WARNING] Cgroup v2 file missing for session-13.scope: /sys/fs/cgroup/user.slice/user-1000.slice/session-13.scope/cpu.max
2025-09-18 23:40:22,718 INFO [WARNING] Skipping init.scope: missing cpu.max
2025-09-18 23:40:22,718 INFO [WARNING] Skipping session-2.scope: missing cpu.max
2025-09-18 23:40:22,718 INFO [WARNING] Skipping session-467.scope: missing cpu.max
2025-09-18 23:40:22,718 INFO [WARNING] Skipping session-468.scope: missing cpu.max
2025-09-18 23:40:22,718 INFO [WARNING] Skipping session-1.scope: missing cpu.max
2025-09-18 23:40:22,718 INFO [WARNING] Skipping session-13.scope: missing cpu.max
2025-09-18 23:40:22,718 INFO At t=1408531.597475921 docker-2c33733f0ca9fc25b8bb24d1aa0287e7f2db80bf0443edf5a54ce6a22f1c8dfc.scope error 'cpu_stat.throttled_time'
2025-09-18 23:40:22,718 INFO At t=1408531.597475921 cri-containerd-4c96bcb9ea5c3df6153fb2e276cb877bc294d0f0408088d0ad24f9b297426d00.scope error 'cpu_stat.throttled_time'
2025-09-18 23:40:22,718 INFO At t=1408531.597475921 cri-containerd-d4e908f069f96800cb5fed7d11cfc647885739658c62e7fdea5db22b327a11a4.scope error 'cpu_stat.throttled_time'
2025-09-18 23:40:22,718 INFO At t=1408531.597475921 docker-d9cf6ebc715d830fa464165ed6316a76e8c2b0cd5bfb673c8033f8269f9c9188.scope error 'cpu_stat.throttled_time'
2025-09-18 23:40:22,718 INFO At t=1408531.597475921 cri-containerd-dc0571845d4f8a279459c8749c12c4888be6b92fbd178da224f04470d5fa9579.scope error 'cpu_stat.throttled_time'
2025-09-18 23:40:22,719 INFO mean=0.0000, std=0.0000, Target core for docke=0.0000
2025-09-18 23:40:22,719 INFO mean=0.0000, std=0.0000, Target core for cri-c=0.0000
2025-09-18 23:40:22,719 INFO mean=0.0001, std=0.0001, Target core for cri-c=0.0008
2025-09-18 23:40:22,719 INFO At t=1408531.5975, cri-c, curr. spread=0.0004, obs. spread=0.0004, len=5, thresh=0.0001, last_scale_diff=0.5095
2025-09-18 23:40:22,719 INFO At t=1408531.597475921, dts=[0, 0.00027399999999033753, 0.0, 0.0, 0.0], mu=0.0001, std=0.0001
2025-09-18 23:40:22,719 INFO mean=0.0000, std=0.0000, Target core for docke=0.0000
2025-09-18 23:40:22,719 INFO mean=0.0000, std=0.0000, Target core for cri-c=0.0000
2025-09-18 23:40:22,719 INFO At 1408531.6087 sleeping for 0.5000 sec ...
2025-09-18 23:40:23,220 INFO At 1408532.1087 woke up
2025-09-18 23:40:23,231 INFO [WARNING] Cgroup v2 file missing for init.scope: /sys/fs/cgroup/user.slice/user-1000.slice/user@1000.service/init.scope/cpu.max
2025-09-18 23:40:23,231 INFO [WARNING] Cgroup v2 file missing for session-2.scope: /sys/fs/cgroup/user.slice/user-1000.slice/session-2.scope/cpu.max
2025-09-18 23:40:23,231 INFO [WARNING] Cgroup v2 file missing for session-467.scope: /sys/fs/cgroup/user.slice/user-1000.slice/session-467.scope/cpu.max
2025-09-18 23:40:23,231 INFO [WARNING] Cgroup v2 file missing for session-468.scope: /sys/fs/cgroup/user.slice/user-1000.slice/session-468.scope/cpu.max
2025-09-18 23:40:23,231 INFO [WARNING] Cgroup v2 file missing for session-1.scope: /sys/fs/cgroup/user.slice/user-1000.slice/session-1.scope/cpu.max
2025-09-18 23:40:23,232 INFO [WARNING] Cgroup v2 file missing for session-13.scope: /sys/fs/cgroup/user.slice/user-1000.slice/session-13.scope/cpu.max
2025-09-18 23:40:23,232 INFO [WARNING] Skipping init.scope: missing cpu.max
2025-09-18 23:40:23,232 INFO [WARNING] Skipping session-2.scope: missing cpu.max
2025-09-18 23:40:23,232 INFO [WARNING] Skipping session-467.scope: missing cpu.max
2025-09-18 23:40:23,232 INFO [WARNING] Skipping session-468.scope: missing cpu.max
2025-09-18 23:40:23,232 INFO [WARNING] Skipping session-1.scope: missing cpu.max
2025-09-18 23:40:23,232 INFO [WARNING] Skipping session-13.scope: missing cpu.max
2025-09-18 23:40:23,232 INFO At t=1408532.10874897 docker-2c33733f0ca9fc25b8bb24d1aa0287e7f2db80bf0443edf5a54ce6a22f1c8dfc.scope error 'cpu_stat.throttled_time'
2025-09-18 23:40:23,232 INFO At t=1408532.10874897 cri-containerd-4c96bcb9ea5c3df6153fb2e276cb877bc294d0f0408088d0ad24f9b297426d00.scope error 'cpu_stat.throttled_time'
2025-09-18 23:40:23,232 INFO At t=1408532.10874897 cri-containerd-d4e908f069f96800cb5fed7d11cfc647885739658c62e7fdea5db22b327a11a4.scope error 'cpu_stat.throttled_time'
2025-09-18 23:40:23,232 INFO At t=1408532.10874897 docker-d9cf6ebc715d830fa464165ed6316a76e8c2b0cd5bfb673c8033f8269f9c9188.scope error 'cpu_stat.throttled_time'
2025-09-18 23:40:23,232 INFO At t=1408532.10874897 cri-containerd-dc0571845d4f8a279459c8749c12c4888be6b92fbd178da224f04470d5fa9579.scope error 'cpu_stat.throttled_time'
2025-09-18 23:40:23,233 INFO mean=0.0000, std=0.0000, Target core for docke=0.0000
2025-09-18 23:40:23,233 INFO mean=0.0000, std=0.0000, Target core for cri-c=0.0000
2025-09-18 23:40:23,233 INFO mean=0.0000, std=0.0001, Target core for cri-c=0.0007
2025-09-18 23:40:23,233 INFO At t=1408532.1087, cri-c, curr. spread=0.0004, obs. spread=0.0004, len=6, thresh=0.0001, last_scale_diff=1.0208
2025-09-18 23:40:23,233 INFO At t=1408532.10874897, dts=[0, 0.00027399999999033753, 0.0, 0.0, 0.0, 0.0], mu=0.0000, std=0.0001
2025-09-18 23:40:23,233 INFO [DEBUG] Found cgroup file: /sys/fs/cgroup/kubepods.slice/kubepods-besteffort.slice/kubepods-besteffort-pod9e7598a9_9f3d_4d31_997c_2aca02cd8561.slice/cri-containerd-d4e908f069f96800cb5fed7d11cfc647885739658c62e7fdea5db22b327a11a4.scope/cpu.max
2025-09-18 23:40:23,233 INFO 2025-09-18 23:40:23.233871 Written cpu.max=1000 100000 to name=cri-containerd-d4e908f069f96800cb5fed7d11cfc647885739658c62e7fdea5db22b327a11a4.scope,(node,pod,container_id)=/sys/fs/cgroup/kubepods.slice/kubepods-besteffort.slice/kubepods-besteffort-pod9e7598a9_9f3d_4d31_997c_2aca02cd8561.slice/cri-containerd-d4e908f069f96800cb5fed7d11cfc647885739658c62e7fdea5db22b327a11a4.scope
2025-09-18 23:40:23,234 INFO mean=0.0000, std=0.0000, Target core for docke=0.0000
2025-09-18 23:40:23,234 INFO mean=0.0000, std=0.0000, Target core for cri-c=0.0000
2025-09-18 23:40:23,234 INFO At 1408532.1234 sleeping for 0.5000 sec ...
2025-09-18 23:40:23,734 INFO At 1408532.6234 woke up
2025-09-18 23:40:23,741 INFO [WARNING] Cgroup v2 file missing for init.scope: /sys/fs/cgroup/user.slice/user-1000.slice/user@1000.service/init.scope/cpu.max
2025-09-18 23:40:23,741 INFO [WARNING] Cgroup v2 file missing for session-2.scope: /sys/fs/cgroup/user.slice/user-1000.slice/session-2.scope/cpu.max
2025-09-18 23:40:23,741 INFO [WARNING] Cgroup v2 file missing for session-467.scope: /sys/fs/cgroup/user.slice/user-1000.slice/session-467.scope/cpu.max
2025-09-18 23:40:23,741 INFO [WARNING] Cgroup v2 file missing for session-468.scope: /sys/fs/cgroup/user.slice/user-1000.slice/session-468.scope/cpu.max
2025-09-18 23:40:23,741 INFO [WARNING] Cgroup v2 file missing for session-1.scope: /sys/fs/cgroup/user.slice/user-1000.slice/session-1.scope/cpu.max
2025-09-18 23:40:23,741 INFO [WARNING] Cgroup v2 file missing for session-13.scope: /sys/fs/cgroup/user.slice/user-1000.slice/session-13.scope/cpu.max
2025-09-18 23:40:23,741 INFO [WARNING] Skipping init.scope: missing cpu.max
2025-09-18 23:40:23,741 INFO [WARNING] Skipping session-2.scope: missing cpu.max
2025-09-18 23:40:23,741 INFO [WARNING] Skipping session-467.scope: missing cpu.max
2025-09-18 23:40:23,742 INFO [WARNING] Skipping session-468.scope: missing cpu.max
2025-09-18 23:40:23,742 INFO [WARNING] Skipping session-1.scope: missing cpu.max
2025-09-18 23:40:23,742 INFO [WARNING] Skipping session-13.scope: missing cpu.max
2025-09-18 23:40:23,742 INFO At t=1408532.623363257 docker-2c33733f0ca9fc25b8bb24d1aa0287e7f2db80bf0443edf5a54ce6a22f1c8dfc.scope error 'cpu_stat.throttled_time'
2025-09-18 23:40:23,742 INFO At t=1408532.623363257 cri-containerd-4c96bcb9ea5c3df6153fb2e276cb877bc294d0f0408088d0ad24f9b297426d00.scope error 'cpu_stat.throttled_time'
2025-09-18 23:40:23,742 INFO At t=1408532.623363257 cri-containerd-d4e908f069f96800cb5fed7d11cfc647885739658c62e7fdea5db22b327a11a4.scope error 'cpu_stat.throttled_time'
2025-09-18 23:40:23,742 INFO At t=1408532.623363257 docker-d9cf6ebc715d830fa464165ed6316a76e8c2b0cd5bfb673c8033f8269f9c9188.scope error 'cpu_stat.throttled_time'
2025-09-18 23:40:23,742 INFO At t=1408532.623363257 cri-containerd-dc0571845d4f8a279459c8749c12c4888be6b92fbd178da224f04470d5fa9579.scope error 'cpu_stat.throttled_time'
2025-09-18 23:40:23,742 INFO mean=0.0000, std=0.0000, Target core for docke=0.0000
2025-09-18 23:40:23,742 INFO mean=0.0000, std=0.0000, Target core for cri-c=0.0000
2025-09-18 23:40:23,742 INFO mean=0.0000, std=0.0001, Target core for cri-c=0.0007
2025-09-18 23:40:23,742 INFO At t=1408532.6234, cri-c, curr. spread=0.0004, obs. spread=0.0003, len=7, thresh=0.0001, last_scale_diff=0.5146
2025-09-18 23:40:23,742 INFO At t=1408532.623363257, dts=[0, 0.00027399999999033753, 0.0, 0.0, 0.0, 0.0, 0.0], mu=0.0000, std=0.0001
2025-09-18 23:40:23,742 INFO mean=0.0000, std=0.0000, Target core for docke=0.0000
2025-09-18 23:40:23,742 INFO mean=0.0000, std=0.0000, Target core for cri-c=0.0000
2025-09-18 23:40:23,742 INFO At 1408532.6320 sleeping for 0.5000 sec ...
2025-09-18 23:40:24,243 INFO At 1408533.1320 woke up
2025-09-18 23:40:24,258 INFO [WARNING] Cgroup v2 file missing for init.scope: /sys/fs/cgroup/user.slice/user-1000.slice/user@1000.service/init.scope/cpu.max
2025-09-18 23:40:24,258 INFO [WARNING] Cgroup v2 file missing for session-2.scope: /sys/fs/cgroup/user.slice/user-1000.slice/session-2.scope/cpu.max
2025-09-18 23:40:24,259 INFO [WARNING] Cgroup v2 file missing for session-467.scope: /sys/fs/cgroup/user.slice/user-1000.slice/session-467.scope/cpu.max
2025-09-18 23:40:24,259 INFO [WARNING] Cgroup v2 file missing for session-468.scope: /sys/fs/cgroup/user.slice/user-1000.slice/session-468.scope/cpu.max
2025-09-18 23:40:24,259 INFO [WARNING] Cgroup v2 file missing for session-1.scope: /sys/fs/cgroup/user.slice/user-1000.slice/session-1.scope/cpu.max
2025-09-18 23:40:24,259 INFO [WARNING] Cgroup v2 file missing for session-13.scope: /sys/fs/cgroup/user.slice/user-1000.slice/session-13.scope/cpu.max
2025-09-18 23:40:24,259 INFO [WARNING] Skipping init.scope: missing cpu.max
2025-09-18 23:40:24,259 INFO [WARNING] Skipping session-2.scope: missing cpu.max
2025-09-18 23:40:24,259 INFO [WARNING] Skipping session-467.scope: missing cpu.max
2025-09-18 23:40:24,259 INFO [WARNING] Skipping session-468.scope: missing cpu.max
2025-09-18 23:40:24,259 INFO [WARNING] Skipping session-1.scope: missing cpu.max
2025-09-18 23:40:24,259 INFO [WARNING] Skipping session-13.scope: missing cpu.max
2025-09-18 23:40:24,260 INFO At t=1408533.131989446 docker-2c33733f0ca9fc25b8bb24d1aa0287e7f2db80bf0443edf5a54ce6a22f1c8dfc.scope error 'cpu_stat.throttled_time'
2025-09-18 23:40:24,260 INFO At t=1408533.131989446 cri-containerd-4c96bcb9ea5c3df6153fb2e276cb877bc294d0f0408088d0ad24f9b297426d00.scope error 'cpu_stat.throttled_time'
2025-09-18 23:40:24,260 INFO At t=1408533.131989446 cri-containerd-d4e908f069f96800cb5fed7d11cfc647885739658c62e7fdea5db22b327a11a4.scope error 'cpu_stat.throttled_time'
2025-09-18 23:40:24,260 INFO At t=1408533.131989446 docker-d9cf6ebc715d830fa464165ed6316a76e8c2b0cd5bfb673c8033f8269f9c9188.scope error 'cpu_stat.throttled_time'
2025-09-18 23:40:24,260 INFO At t=1408533.131989446 cri-containerd-dc0571845d4f8a279459c8749c12c4888be6b92fbd178da224f04470d5fa9579.scope error 'cpu_stat.throttled_time'
2025-09-18 23:40:24,260 INFO mean=0.0000, std=0.0000, Target core for docke=0.0000
2025-09-18 23:40:24,261 INFO mean=0.0000, std=0.0000, Target core for cri-c=0.0000
2025-09-18 23:40:24,261 INFO mean=0.0000, std=0.0001, Target core for cri-c=0.0006
2025-09-18 23:40:24,261 INFO At t=1408533.1320, cri-c, curr. spread=0.0004, obs. spread=0.0003, len=8, thresh=0.0001, last_scale_diff=1.0232
2025-09-18 23:40:24,261 INFO At t=1408533.131989446, dts=[0, 0.00027399999999033753, 0.0, 0.0, 0.0, 0.0, 0.0, 0.0], mu=0.0000, std=0.0001
2025-09-18 23:40:24,261 INFO mean=0.0000, std=0.0000, Target core for docke=0.0000
2025-09-18 23:40:24,261 INFO mean=0.0000, std=0.0000, Target core for cri-c=0.0000
2025-09-18 23:40:24,261 INFO At 1408533.1510 sleeping for 0.5000 sec ...
2025-09-18 23:40:24,762 INFO At 1408533.6510 woke up
2025-09-18 23:40:24,769 INFO [WARNING] Cgroup v2 file missing for init.scope: /sys/fs/cgroup/user.slice/user-1000.slice/user@1000.service/init.scope/cpu.max
2025-09-18 23:40:24,769 INFO [WARNING] Cgroup v2 file missing for session-2.scope: /sys/fs/cgroup/user.slice/user-1000.slice/session-2.scope/cpu.max
2025-09-18 23:40:24,769 INFO [WARNING] Cgroup v2 file missing for session-467.scope: /sys/fs/cgroup/user.slice/user-1000.slice/session-467.scope/cpu.max
2025-09-18 23:40:24,769 INFO [WARNING] Cgroup v2 file missing for session-468.scope: /sys/fs/cgroup/user.slice/user-1000.slice/session-468.scope/cpu.max
2025-09-18 23:40:24,769 INFO [WARNING] Cgroup v2 file missing for session-1.scope: /sys/fs/cgroup/user.slice/user-1000.slice/session-1.scope/cpu.max
2025-09-18 23:40:24,769 INFO [WARNING] Cgroup v2 file missing for session-13.scope: /sys/fs/cgroup/user.slice/user-1000.slice/session-13.scope/cpu.max
2025-09-18 23:40:24,769 INFO [WARNING] Skipping init.scope: missing cpu.max
2025-09-18 23:40:24,769 INFO [WARNING] Skipping session-2.scope: missing cpu.max
2025-09-18 23:40:24,769 INFO [WARNING] Skipping session-467.scope: missing cpu.max
2025-09-18 23:40:24,769 INFO [WARNING] Skipping session-468.scope: missing cpu.max
2025-09-18 23:40:24,769 INFO [WARNING] Skipping session-1.scope: missing cpu.max
2025-09-18 23:40:24,769 INFO [WARNING] Skipping session-13.scope: missing cpu.max
2025-09-18 23:40:24,770 INFO At t=1408533.650954229 docker-2c33733f0ca9fc25b8bb24d1aa0287e7f2db80bf0443edf5a54ce6a22f1c8dfc.scope error 'cpu_stat.throttled_time'
2025-09-18 23:40:24,770 INFO At t=1408533.650954229 cri-containerd-4c96bcb9ea5c3df6153fb2e276cb877bc294d0f0408088d0ad24f9b297426d00.scope error 'cpu_stat.throttled_time'
2025-09-18 23:40:24,770 INFO At t=1408533.650954229 cri-containerd-d4e908f069f96800cb5fed7d11cfc647885739658c62e7fdea5db22b327a11a4.scope error 'cpu_stat.throttled_time'
2025-09-18 23:40:24,770 INFO At t=1408533.650954229 docker-d9cf6ebc715d830fa464165ed6316a76e8c2b0cd5bfb673c8033f8269f9c9188.scope error 'cpu_stat.throttled_time'
2025-09-18 23:40:24,770 INFO At t=1408533.650954229 cri-containerd-dc0571845d4f8a279459c8749c12c4888be6b92fbd178da224f04470d5fa9579.scope error 'cpu_stat.throttled_time'
2025-09-18 23:40:24,770 INFO mean=0.0000, std=0.0000, Target core for docke=0.0000
2025-09-18 23:40:24,770 INFO mean=0.0000, std=0.0000, Target core for cri-c=0.0000
2025-09-18 23:40:24,770 INFO mean=0.0000, std=0.0001, Target core for cri-c=0.0006
2025-09-18 23:40:24,770 INFO At t=1408533.6510, cri-c, curr. spread=0.0004, obs. spread=0.0003, len=9, thresh=0.0001, last_scale_diff=1.5422
2025-09-18 23:40:24,770 INFO At t=1408533.650954229, dts=[0, 0.00027399999999033753, 0.0, 0.0, 0.0, 0.0, 0.0, 0.0, 0.0], mu=0.0000, std=0.0001
2025-09-18 23:40:24,770 INFO [DEBUG] Found cgroup file: /sys/fs/cgroup/kubepods.slice/kubepods-besteffort.slice/kubepods-besteffort-pod9e7598a9_9f3d_4d31_997c_2aca02cd8561.slice/cri-containerd-d4e908f069f96800cb5fed7d11cfc647885739658c62e7fdea5db22b327a11a4.scope/cpu.max
2025-09-18 23:40:24,770 INFO 2025-09-18 23:40:24.770907 Written cpu.max=1000 100000 to name=cri-containerd-d4e908f069f96800cb5fed7d11cfc647885739658c62e7fdea5db22b327a11a4.scope,(node,pod,container_id)=/sys/fs/cgroup/kubepods.slice/kubepods-besteffort.slice/kubepods-besteffort-pod9e7598a9_9f3d_4d31_997c_2aca02cd8561.slice/cri-containerd-d4e908f069f96800cb5fed7d11cfc647885739658c62e7fdea5db22b327a11a4.scope
2025-09-18 23:40:24,771 INFO mean=0.0000, std=0.0000, Target core for docke=0.0000
2025-09-18 23:40:24,771 INFO mean=0.0000, std=0.0000, Target core for cri-c=0.0000
2025-09-18 23:40:24,771 INFO At 1408533.6602 sleeping for 0.5000 sec ...
2025-09-18 23:40:25,271 INFO At 1408534.1602 woke up
2025-09-18 23:40:25,278 INFO [WARNING] Cgroup v2 file missing for init.scope: /sys/fs/cgroup/user.slice/user-1000.slice/user@1000.service/init.scope/cpu.max
2025-09-18 23:40:25,278 INFO [WARNING] Cgroup v2 file missing for session-2.scope: /sys/fs/cgroup/user.slice/user-1000.slice/session-2.scope/cpu.max
2025-09-18 23:40:25,278 INFO [WARNING] Cgroup v2 file missing for session-467.scope: /sys/fs/cgroup/user.slice/user-1000.slice/session-467.scope/cpu.max
2025-09-18 23:40:25,278 INFO [WARNING] Cgroup v2 file missing for session-468.scope: /sys/fs/cgroup/user.slice/user-1000.slice/session-468.scope/cpu.max
2025-09-18 23:40:25,278 INFO [WARNING] Cgroup v2 file missing for session-1.scope: /sys/fs/cgroup/user.slice/user-1000.slice/session-1.scope/cpu.max
2025-09-18 23:40:25,278 INFO [WARNING] Cgroup v2 file missing for session-13.scope: /sys/fs/cgroup/user.slice/user-1000.slice/session-13.scope/cpu.max
2025-09-18 23:40:25,278 INFO [WARNING] Skipping init.scope: missing cpu.max
2025-09-18 23:40:25,278 INFO [WARNING] Skipping session-2.scope: missing cpu.max
2025-09-18 23:40:25,278 INFO [WARNING] Skipping session-467.scope: missing cpu.max
2025-09-18 23:40:25,279 INFO [WARNING] Skipping session-468.scope: missing cpu.max
2025-09-18 23:40:25,279 INFO [WARNING] Skipping session-1.scope: missing cpu.max
2025-09-18 23:40:25,279 INFO [WARNING] Skipping session-13.scope: missing cpu.max
2025-09-18 23:40:25,279 INFO At t=1408534.160228228 docker-2c33733f0ca9fc25b8bb24d1aa0287e7f2db80bf0443edf5a54ce6a22f1c8dfc.scope error 'cpu_stat.throttled_time'
2025-09-18 23:40:25,279 INFO At t=1408534.160228228 cri-containerd-4c96bcb9ea5c3df6153fb2e276cb877bc294d0f0408088d0ad24f9b297426d00.scope error 'cpu_stat.throttled_time'
2025-09-18 23:40:25,279 INFO At t=1408534.160228228 cri-containerd-d4e908f069f96800cb5fed7d11cfc647885739658c62e7fdea5db22b327a11a4.scope error 'cpu_stat.throttled_time'
2025-09-18 23:40:25,279 INFO At t=1408534.160228228 docker-d9cf6ebc715d830fa464165ed6316a76e8c2b0cd5bfb673c8033f8269f9c9188.scope error 'cpu_stat.throttled_time'
2025-09-18 23:40:25,279 INFO At t=1408534.160228228 cri-containerd-dc0571845d4f8a279459c8749c12c4888be6b92fbd178da224f04470d5fa9579.scope error 'cpu_stat.throttled_time'
2025-09-18 23:40:25,279 INFO mean=0.0000, std=0.0000, Target core for docke=0.0000
2025-09-18 23:40:25,279 INFO mean=0.0000, std=0.0000, Target core for cri-c=0.0000
2025-09-18 23:40:25,279 INFO mean=0.0000, std=0.0001, Target core for cri-c=0.0005
2025-09-18 23:40:25,279 INFO At t=1408534.1602, cri-c, curr. spread=0.0003, obs. spread=0.0003, len=10, thresh=0.0000, last_scale_diff=0.5093
2025-09-18 23:40:25,279 INFO At t=1408534.160228228, dts=[0, 0.00027399999999033753, 0.0, 0.0, 0.0, 0.0, 0.0, 0.0, 0.0, 0.0], mu=0.0000, std=0.0001
2025-09-18 23:40:25,279 INFO mean=0.0000, std=0.0000, Target core for docke=0.0000
2025-09-18 23:40:25,279 INFO mean=0.0000, std=0.0000, Target core for cri-c=0.0000
2025-09-18 23:40:25,280 INFO At 1408534.1690 sleeping for 0.5000 sec ...
2025-09-18 23:40:25,780 INFO At 1408534.6690 woke up
2025-09-18 23:40:25,787 INFO [WARNING] Cgroup v2 file missing for init.scope: /sys/fs/cgroup/user.slice/user-1000.slice/user@1000.service/init.scope/cpu.max
2025-09-18 23:40:25,787 INFO [WARNING] Cgroup v2 file missing for session-2.scope: /sys/fs/cgroup/user.slice/user-1000.slice/session-2.scope/cpu.max
2025-09-18 23:40:25,787 INFO [WARNING] Cgroup v2 file missing for session-467.scope: /sys/fs/cgroup/user.slice/user-1000.slice/session-467.scope/cpu.max
2025-09-18 23:40:25,787 INFO [WARNING] Cgroup v2 file missing for session-468.scope: /sys/fs/cgroup/user.slice/user-1000.slice/session-468.scope/cpu.max
2025-09-18 23:40:25,787 INFO [WARNING] Cgroup v2 file missing for session-1.scope: /sys/fs/cgroup/user.slice/user-1000.slice/session-1.scope/cpu.max
2025-09-18 23:40:25,787 INFO [WARNING] Cgroup v2 file missing for session-13.scope: /sys/fs/cgroup/user.slice/user-1000.slice/session-13.scope/cpu.max
2025-09-18 23:40:25,787 INFO [WARNING] Skipping init.scope: missing cpu.max
2025-09-18 23:40:25,787 INFO [WARNING] Skipping session-2.scope: missing cpu.max
2025-09-18 23:40:25,787 INFO [WARNING] Skipping session-467.scope: missing cpu.max
2025-09-18 23:40:25,787 INFO [WARNING] Skipping session-468.scope: missing cpu.max
2025-09-18 23:40:25,787 INFO [WARNING] Skipping session-1.scope: missing cpu.max
2025-09-18 23:40:25,787 INFO [WARNING] Skipping session-13.scope: missing cpu.max
2025-09-18 23:40:25,788 INFO At t=1408534.669025299 docker-2c33733f0ca9fc25b8bb24d1aa0287e7f2db80bf0443edf5a54ce6a22f1c8dfc.scope error 'cpu_stat.throttled_time'
2025-09-18 23:40:25,788 INFO At t=1408534.669025299 cri-containerd-4c96bcb9ea5c3df6153fb2e276cb877bc294d0f0408088d0ad24f9b297426d00.scope error 'cpu_stat.throttled_time'
2025-09-18 23:40:25,788 INFO At t=1408534.669025299 cri-containerd-d4e908f069f96800cb5fed7d11cfc647885739658c62e7fdea5db22b327a11a4.scope error 'cpu_stat.throttled_time'
2025-09-18 23:40:25,788 INFO At t=1408534.669025299 docker-d9cf6ebc715d830fa464165ed6316a76e8c2b0cd5bfb673c8033f8269f9c9188.scope error 'cpu_stat.throttled_time'
2025-09-18 23:40:25,788 INFO At t=1408534.669025299 cri-containerd-dc0571845d4f8a279459c8749c12c4888be6b92fbd178da224f04470d5fa9579.scope error 'cpu_stat.throttled_time'
2025-09-18 23:40:25,788 INFO mean=0.0000, std=0.0000, Target core for docke=0.0000
2025-09-18 23:40:25,788 INFO mean=0.0000, std=0.0000, Target core for cri-c=0.0000
2025-09-18 23:40:25,788 INFO mean=0.0001, std=0.0001, Target core for cri-c=0.0009
2025-09-18 23:40:25,788 INFO At t=1408534.6690, cri-c, curr. spread=0.0003, obs. spread=0.0004, len=10, thresh=0.0000, last_scale_diff=1.0181
2025-09-18 23:40:25,788 INFO At t=1408534.669025299, dts=[0.00027399999999033753, 0.0, 0.0, 0.0, 0.0, 0.0, 0.0, 0.0, 0.0, 0.0003470000000334039], mu=0.0001, std=0.0001
2025-09-18 23:40:25,788 INFO [DEBUG] Found cgroup file: /sys/fs/cgroup/kubepods.slice/kubepods-besteffort.slice/kubepods-besteffort-pod9e7598a9_9f3d_4d31_997c_2aca02cd8561.slice/cri-containerd-d4e908f069f96800cb5fed7d11cfc647885739658c62e7fdea5db22b327a11a4.scope/cpu.max
2025-09-18 23:40:25,788 INFO 2025-09-18 23:40:25.788753 Written cpu.max=1000 100000 to name=cri-containerd-d4e908f069f96800cb5fed7d11cfc647885739658c62e7fdea5db22b327a11a4.scope,(node,pod,container_id)=/sys/fs/cgroup/kubepods.slice/kubepods-besteffort.slice/kubepods-besteffort-pod9e7598a9_9f3d_4d31_997c_2aca02cd8561.slice/cri-containerd-d4e908f069f96800cb5fed7d11cfc647885739658c62e7fdea5db22b327a11a4.scope
2025-09-18 23:40:25,788 INFO mean=0.0000, std=0.0000, Target core for docke=0.0000
2025-09-18 23:40:25,789 INFO mean=0.0000, std=0.0000, Target core for cri-c=0.0000
2025-09-18 23:40:25,789 INFO At 1408534.6781 sleeping for 0.5000 sec ...
2025-09-18 23:40:26,289 INFO At 1408535.1781 woke up
2025-09-18 23:40:26,306 INFO [WARNING] Cgroup v2 file missing for init.scope: /sys/fs/cgroup/user.slice/user-1000.slice/user@1000.service/init.scope/cpu.max
2025-09-18 23:40:26,306 INFO [WARNING] Cgroup v2 file missing for session-2.scope: /sys/fs/cgroup/user.slice/user-1000.slice/session-2.scope/cpu.max
2025-09-18 23:40:26,306 INFO [WARNING] Cgroup v2 file missing for session-467.scope: /sys/fs/cgroup/user.slice/user-1000.slice/session-467.scope/cpu.max
2025-09-18 23:40:26,306 INFO [WARNING] Cgroup v2 file missing for session-468.scope: /sys/fs/cgroup/user.slice/user-1000.slice/session-468.scope/cpu.max
2025-09-18 23:40:26,306 INFO [WARNING] Cgroup v2 file missing for session-1.scope: /sys/fs/cgroup/user.slice/user-1000.slice/session-1.scope/cpu.max
2025-09-18 23:40:26,306 INFO [WARNING] Cgroup v2 file missing for session-13.scope: /sys/fs/cgroup/user.slice/user-1000.slice/session-13.scope/cpu.max
2025-09-18 23:40:26,307 INFO [WARNING] Skipping init.scope: missing cpu.max
2025-09-18 23:40:26,307 INFO [WARNING] Skipping session-2.scope: missing cpu.max
2025-09-18 23:40:26,307 INFO [WARNING] Skipping session-467.scope: missing cpu.max
2025-09-18 23:40:26,307 INFO [WARNING] Skipping session-468.scope: missing cpu.max
2025-09-18 23:40:26,307 INFO [WARNING] Skipping session-1.scope: missing cpu.max
2025-09-18 23:40:26,307 INFO [WARNING] Skipping session-13.scope: missing cpu.max
2025-09-18 23:40:26,307 INFO At t=1408535.178060471 docker-2c33733f0ca9fc25b8bb24d1aa0287e7f2db80bf0443edf5a54ce6a22f1c8dfc.scope error 'cpu_stat.throttled_time'
2025-09-18 23:40:26,308 INFO At t=1408535.178060471 cri-containerd-4c96bcb9ea5c3df6153fb2e276cb877bc294d0f0408088d0ad24f9b297426d00.scope error 'cpu_stat.throttled_time'
2025-09-18 23:40:26,308 INFO At t=1408535.178060471 cri-containerd-d4e908f069f96800cb5fed7d11cfc647885739658c62e7fdea5db22b327a11a4.scope error 'cpu_stat.throttled_time'
2025-09-18 23:40:26,308 INFO At t=1408535.178060471 docker-d9cf6ebc715d830fa464165ed6316a76e8c2b0cd5bfb673c8033f8269f9c9188.scope error 'cpu_stat.throttled_time'
2025-09-18 23:40:26,308 INFO At t=1408535.178060471 cri-containerd-dc0571845d4f8a279459c8749c12c4888be6b92fbd178da224f04470d5fa9579.scope error 'cpu_stat.throttled_time'
2025-09-18 23:40:26,308 INFO mean=0.0000, std=0.0000, Target core for docke=0.0000
2025-09-18 23:40:26,308 INFO mean=0.0000, std=0.0000, Target core for cri-c=0.0000
2025-09-18 23:40:26,309 INFO mean=0.0000, std=0.0001, Target core for cri-c=0.0007
2025-09-18 23:40:26,309 INFO At t=1408535.1781, cri-c, curr. spread=0.0004, obs. spread=0.0004, len=10, thresh=0.0001, last_scale_diff=0.5090
2025-09-18 23:40:26,309 INFO At t=1408535.178060471, dts=[0.0, 0.0, 0.0, 0.0, 0.0, 0.0, 0.0, 0.0, 0.0003470000000334039, 0.0001310000000103173], mu=0.0000, std=0.0001
2025-09-18 23:40:26,309 INFO mean=0.0000, std=0.0000, Target core for docke=0.0000
2025-09-18 23:40:26,309 INFO mean=0.0000, std=0.0000, Target core for cri-c=0.0000
2025-09-18 23:40:26,309 INFO At 1408535.1988 sleeping for 0.5000 sec ...
2025-09-18 23:40:26,810 INFO At 1408535.6988 woke up
2025-09-18 23:40:26,826 INFO [WARNING] Cgroup v2 file missing for init.scope: /sys/fs/cgroup/user.slice/user-1000.slice/user@1000.service/init.scope/cpu.max
2025-09-18 23:40:26,826 INFO [WARNING] Cgroup v2 file missing for session-2.scope: /sys/fs/cgroup/user.slice/user-1000.slice/session-2.scope/cpu.max
2025-09-18 23:40:26,826 INFO [WARNING] Cgroup v2 file missing for session-467.scope: /sys/fs/cgroup/user.slice/user-1000.slice/session-467.scope/cpu.max
2025-09-18 23:40:26,827 INFO [WARNING] Cgroup v2 file missing for session-468.scope: /sys/fs/cgroup/user.slice/user-1000.slice/session-468.scope/cpu.max
2025-09-18 23:40:26,827 INFO [WARNING] Cgroup v2 file missing for session-1.scope: /sys/fs/cgroup/user.slice/user-1000.slice/session-1.scope/cpu.max
2025-09-18 23:40:26,827 INFO [WARNING] Cgroup v2 file missing for session-13.scope: /sys/fs/cgroup/user.slice/user-1000.slice/session-13.scope/cpu.max
2025-09-18 23:40:26,827 INFO [WARNING] Skipping init.scope: missing cpu.max
2025-09-18 23:40:26,827 INFO [WARNING] Skipping session-2.scope: missing cpu.max
2025-09-18 23:40:26,827 INFO [WARNING] Skipping session-467.scope: missing cpu.max
2025-09-18 23:40:26,827 INFO [WARNING] Skipping session-468.scope: missing cpu.max
2025-09-18 23:40:26,827 INFO [WARNING] Skipping session-1.scope: missing cpu.max
2025-09-18 23:40:26,827 INFO [WARNING] Skipping session-13.scope: missing cpu.max
2025-09-18 23:40:26,828 INFO At t=1408535.698767175 docker-2c33733f0ca9fc25b8bb24d1aa0287e7f2db80bf0443edf5a54ce6a22f1c8dfc.scope error 'cpu_stat.throttled_time'
2025-09-18 23:40:26,828 INFO At t=1408535.698767175 cri-containerd-4c96bcb9ea5c3df6153fb2e276cb877bc294d0f0408088d0ad24f9b297426d00.scope error 'cpu_stat.throttled_time'
2025-09-18 23:40:26,828 INFO At t=1408535.698767175 cri-containerd-d4e908f069f96800cb5fed7d11cfc647885739658c62e7fdea5db22b327a11a4.scope error 'cpu_stat.throttled_time'
2025-09-18 23:40:26,828 INFO At t=1408535.698767175 docker-d9cf6ebc715d830fa464165ed6316a76e8c2b0cd5bfb673c8033f8269f9c9188.scope error 'cpu_stat.throttled_time'
2025-09-18 23:40:26,828 INFO At t=1408535.698767175 cri-containerd-dc0571845d4f8a279459c8749c12c4888be6b92fbd178da224f04470d5fa9579.scope error 'cpu_stat.throttled_time'
2025-09-18 23:40:26,828 INFO mean=0.0000, std=0.0000, Target core for docke=0.0000
2025-09-18 23:40:26,829 INFO mean=0.0000, std=0.0000, Target core for cri-c=0.0000
2025-09-18 23:40:26,829 INFO mean=0.0000, std=0.0001, Target core for cri-c=0.0007
2025-09-18 23:40:26,829 INFO At t=1408535.6988, cri-c, curr. spread=0.0004, obs. spread=0.0004, len=10, thresh=0.0001, last_scale_diff=1.0297
2025-09-18 23:40:26,829 INFO At t=1408535.698767175, dts=[0.0, 0.0, 0.0, 0.0, 0.0, 0.0, 0.0, 0.0003470000000334039, 0.0001310000000103173, 0.0], mu=0.0000, std=0.0001
2025-09-18 23:40:26,829 INFO [DEBUG] Found cgroup file: /sys/fs/cgroup/kubepods.slice/kubepods-besteffort.slice/kubepods-besteffort-pod9e7598a9_9f3d_4d31_997c_2aca02cd8561.slice/cri-containerd-d4e908f069f96800cb5fed7d11cfc647885739658c62e7fdea5db22b327a11a4.scope/cpu.max
2025-09-18 23:40:26,830 INFO 2025-09-18 23:40:26.830060 Written cpu.max=1000 100000 to name=cri-containerd-d4e908f069f96800cb5fed7d11cfc647885739658c62e7fdea5db22b327a11a4.scope,(node,pod,container_id)=/sys/fs/cgroup/kubepods.slice/kubepods-besteffort.slice/kubepods-besteffort-pod9e7598a9_9f3d_4d31_997c_2aca02cd8561.slice/cri-containerd-d4e908f069f96800cb5fed7d11cfc647885739658c62e7fdea5db22b327a11a4.scope
2025-09-18 23:40:26,830 INFO mean=0.0000, std=0.0000, Target core for docke=0.0000
2025-09-18 23:40:26,830 INFO mean=0.0000, std=0.0000, Target core for cri-c=0.0000
2025-09-18 23:40:26,830 INFO At 1408535.7198 sleeping for 0.5000 sec ...
2025-09-18 23:40:27,331 INFO At 1408536.2198 woke up
2025-09-18 23:40:27,347 INFO [WARNING] Cgroup v2 file missing for init.scope: /sys/fs/cgroup/user.slice/user-1000.slice/user@1000.service/init.scope/cpu.max
2025-09-18 23:40:27,347 INFO [WARNING] Cgroup v2 file missing for session-2.scope: /sys/fs/cgroup/user.slice/user-1000.slice/session-2.scope/cpu.max
2025-09-18 23:40:27,348 INFO [WARNING] Cgroup v2 file missing for session-467.scope: /sys/fs/cgroup/user.slice/user-1000.slice/session-467.scope/cpu.max
2025-09-18 23:40:27,348 INFO [WARNING] Cgroup v2 file missing for session-468.scope: /sys/fs/cgroup/user.slice/user-1000.slice/session-468.scope/cpu.max
2025-09-18 23:40:27,348 INFO [WARNING] Cgroup v2 file missing for session-1.scope: /sys/fs/cgroup/user.slice/user-1000.slice/session-1.scope/cpu.max
2025-09-18 23:40:27,348 INFO [WARNING] Cgroup v2 file missing for session-13.scope: /sys/fs/cgroup/user.slice/user-1000.slice/session-13.scope/cpu.max
2025-09-18 23:40:27,348 INFO [WARNING] Skipping init.scope: missing cpu.max
2025-09-18 23:40:27,348 INFO [WARNING] Skipping session-2.scope: missing cpu.max
2025-09-18 23:40:27,348 INFO [WARNING] Skipping session-467.scope: missing cpu.max
2025-09-18 23:40:27,348 INFO [WARNING] Skipping session-468.scope: missing cpu.max
2025-09-18 23:40:27,348 INFO [WARNING] Skipping session-1.scope: missing cpu.max
2025-09-18 23:40:27,349 INFO [WARNING] Skipping session-13.scope: missing cpu.max
2025-09-18 23:40:27,349 INFO At t=1408536.219807891 docker-2c33733f0ca9fc25b8bb24d1aa0287e7f2db80bf0443edf5a54ce6a22f1c8dfc.scope error 'cpu_stat.throttled_time'
2025-09-18 23:40:27,349 INFO At t=1408536.219807891 cri-containerd-4c96bcb9ea5c3df6153fb2e276cb877bc294d0f0408088d0ad24f9b297426d00.scope error 'cpu_stat.throttled_time'
2025-09-18 23:40:27,349 INFO At t=1408536.219807891 cri-containerd-d4e908f069f96800cb5fed7d11cfc647885739658c62e7fdea5db22b327a11a4.scope error 'cpu_stat.throttled_time'
2025-09-18 23:40:27,349 INFO At t=1408536.219807891 docker-d9cf6ebc715d830fa464165ed6316a76e8c2b0cd5bfb673c8033f8269f9c9188.scope error 'cpu_stat.throttled_time'
2025-09-18 23:40:27,349 INFO At t=1408536.219807891 cri-containerd-dc0571845d4f8a279459c8749c12c4888be6b92fbd178da224f04470d5fa9579.scope error 'cpu_stat.throttled_time'
2025-09-18 23:40:27,350 INFO mean=0.0000, std=0.0000, Target core for docke=0.0000
2025-09-18 23:40:27,350 INFO mean=0.0000, std=0.0000, Target core for cri-c=0.0000
2025-09-18 23:40:27,350 INFO mean=0.0000, std=0.0001, Target core for cri-c=0.0007
2025-09-18 23:40:27,350 INFO At t=1408536.2198, cri-c, curr. spread=0.0004, obs. spread=0.0004, len=10, thresh=0.0001, last_scale_diff=0.5210
2025-09-18 23:40:27,350 INFO At t=1408536.219807891, dts=[0.0, 0.0, 0.0, 0.0, 0.0, 0.0, 0.0003470000000334039, 0.0001310000000103173, 0.0, 0.0], mu=0.0000, std=0.0001
2025-09-18 23:40:27,351 INFO mean=0.0000, std=0.0000, Target core for docke=0.0000
2025-09-18 23:40:27,351 INFO mean=0.0000, std=0.0000, Target core for cri-c=0.0000
2025-09-18 23:40:27,351 INFO At 1408536.2403 sleeping for 0.5000 sec ...
2025-09-18 23:40:27,851 INFO At 1408536.7403 woke up
2025-09-18 23:40:27,868 INFO [WARNING] Cgroup v2 file missing for init.scope: /sys/fs/cgroup/user.slice/user-1000.slice/user@1000.service/init.scope/cpu.max
2025-09-18 23:40:27,868 INFO [WARNING] Cgroup v2 file missing for session-2.scope: /sys/fs/cgroup/user.slice/user-1000.slice/session-2.scope/cpu.max
2025-09-18 23:40:27,868 INFO [WARNING] Cgroup v2 file missing for session-467.scope: /sys/fs/cgroup/user.slice/user-1000.slice/session-467.scope/cpu.max
2025-09-18 23:40:27,868 INFO [WARNING] Cgroup v2 file missing for session-468.scope: /sys/fs/cgroup/user.slice/user-1000.slice/session-468.scope/cpu.max
2025-09-18 23:40:27,868 INFO [WARNING] Cgroup v2 file missing for session-1.scope: /sys/fs/cgroup/user.slice/user-1000.slice/session-1.scope/cpu.max
2025-09-18 23:40:27,868 INFO [WARNING] Cgroup v2 file missing for session-13.scope: /sys/fs/cgroup/user.slice/user-1000.slice/session-13.scope/cpu.max
2025-09-18 23:40:27,869 INFO [WARNING] Skipping init.scope: missing cpu.max
2025-09-18 23:40:27,869 INFO [WARNING] Skipping session-2.scope: missing cpu.max
2025-09-18 23:40:27,869 INFO [WARNING] Skipping session-467.scope: missing cpu.max
2025-09-18 23:40:27,869 INFO [WARNING] Skipping session-468.scope: missing cpu.max
2025-09-18 23:40:27,869 INFO [WARNING] Skipping session-1.scope: missing cpu.max
2025-09-18 23:40:27,869 INFO [WARNING] Skipping session-13.scope: missing cpu.max
2025-09-18 23:40:27,869 INFO At t=1408536.740314477 docker-2c33733f0ca9fc25b8bb24d1aa0287e7f2db80bf0443edf5a54ce6a22f1c8dfc.scope error 'cpu_stat.throttled_time'
2025-09-18 23:40:27,870 INFO At t=1408536.740314477 cri-containerd-4c96bcb9ea5c3df6153fb2e276cb877bc294d0f0408088d0ad24f9b297426d00.scope error 'cpu_stat.throttled_time'
2025-09-18 23:40:27,870 INFO At t=1408536.740314477 cri-containerd-d4e908f069f96800cb5fed7d11cfc647885739658c62e7fdea5db22b327a11a4.scope error 'cpu_stat.throttled_time'
2025-09-18 23:40:27,870 INFO At t=1408536.740314477 docker-d9cf6ebc715d830fa464165ed6316a76e8c2b0cd5bfb673c8033f8269f9c9188.scope error 'cpu_stat.throttled_time'
2025-09-18 23:40:27,870 INFO At t=1408536.740314477 cri-containerd-dc0571845d4f8a279459c8749c12c4888be6b92fbd178da224f04470d5fa9579.scope error 'cpu_stat.throttled_time'
2025-09-18 23:40:27,870 INFO mean=0.0000, std=0.0000, Target core for docke=0.0000
2025-09-18 23:40:27,870 INFO mean=0.0000, std=0.0000, Target core for cri-c=0.0000
2025-09-18 23:40:27,871 INFO mean=0.0000, std=0.0001, Target core for cri-c=0.0007
2025-09-18 23:40:27,871 INFO At t=1408536.7403, cri-c, curr. spread=0.0004, obs. spread=0.0004, len=10, thresh=0.0001, last_scale_diff=1.0415
2025-09-18 23:40:27,871 INFO At t=1408536.740314477, dts=[0.0, 0.0, 0.0, 0.0, 0.0, 0.0003470000000334039, 0.0001310000000103173, 0.0, 0.0, 0.0], mu=0.0000, std=0.0001
2025-09-18 23:40:27,871 INFO mean=0.0000, std=0.0000, Target core for docke=0.0000
2025-09-18 23:40:27,871 INFO mean=0.0000, std=0.0000, Target core for cri-c=0.0000
2025-09-18 23:40:27,871 INFO At 1408536.7608 sleeping for 0.5000 sec ...
2025-09-18 23:40:28,372 INFO At 1408537.2608 woke up
2025-09-18 23:40:28,388 INFO [WARNING] Cgroup v2 file missing for init.scope: /sys/fs/cgroup/user.slice/user-1000.slice/user@1000.service/init.scope/cpu.max
2025-09-18 23:40:28,388 INFO [WARNING] Cgroup v2 file missing for session-2.scope: /sys/fs/cgroup/user.slice/user-1000.slice/session-2.scope/cpu.max
2025-09-18 23:40:28,388 INFO [WARNING] Cgroup v2 file missing for session-467.scope: /sys/fs/cgroup/user.slice/user-1000.slice/session-467.scope/cpu.max
2025-09-18 23:40:28,389 INFO [WARNING] Cgroup v2 file missing for session-468.scope: /sys/fs/cgroup/user.slice/user-1000.slice/session-468.scope/cpu.max
2025-09-18 23:40:28,389 INFO [WARNING] Cgroup v2 file missing for session-1.scope: /sys/fs/cgroup/user.slice/user-1000.slice/session-1.scope/cpu.max
2025-09-18 23:40:28,389 INFO [WARNING] Cgroup v2 file missing for session-13.scope: /sys/fs/cgroup/user.slice/user-1000.slice/session-13.scope/cpu.max
2025-09-18 23:40:28,389 INFO [WARNING] Skipping init.scope: missing cpu.max
2025-09-18 23:40:28,389 INFO [WARNING] Skipping session-2.scope: missing cpu.max
2025-09-18 23:40:28,389 INFO [WARNING] Skipping session-467.scope: missing cpu.max
2025-09-18 23:40:28,389 INFO [WARNING] Skipping session-468.scope: missing cpu.max
2025-09-18 23:40:28,389 INFO [WARNING] Skipping session-1.scope: missing cpu.max
2025-09-18 23:40:28,389 INFO [WARNING] Skipping session-13.scope: missing cpu.max
2025-09-18 23:40:28,390 INFO At t=1408537.260769872 docker-2c33733f0ca9fc25b8bb24d1aa0287e7f2db80bf0443edf5a54ce6a22f1c8dfc.scope error 'cpu_stat.throttled_time'
2025-09-18 23:40:28,390 INFO At t=1408537.260769872 cri-containerd-4c96bcb9ea5c3df6153fb2e276cb877bc294d0f0408088d0ad24f9b297426d00.scope error 'cpu_stat.throttled_time'
2025-09-18 23:40:28,390 INFO At t=1408537.260769872 cri-containerd-d4e908f069f96800cb5fed7d11cfc647885739658c62e7fdea5db22b327a11a4.scope error 'cpu_stat.throttled_time'
2025-09-18 23:40:28,390 INFO At t=1408537.260769872 docker-d9cf6ebc715d830fa464165ed6316a76e8c2b0cd5bfb673c8033f8269f9c9188.scope error 'cpu_stat.throttled_time'
2025-09-18 23:40:28,390 INFO At t=1408537.260769872 cri-containerd-dc0571845d4f8a279459c8749c12c4888be6b92fbd178da224f04470d5fa9579.scope error 'cpu_stat.throttled_time'
2025-09-18 23:40:28,390 INFO mean=0.0000, std=0.0000, Target core for docke=0.0000
2025-09-18 23:40:28,391 INFO mean=0.0000, std=0.0000, Target core for cri-c=0.0000
2025-09-18 23:40:28,391 INFO mean=0.0000, std=0.0001, Target core for cri-c=0.0007
2025-09-18 23:40:28,391 INFO At t=1408537.2608, cri-c, curr. spread=0.0004, obs. spread=0.0004, len=10, thresh=0.0001, last_scale_diff=1.5620
2025-09-18 23:40:28,391 INFO At t=1408537.260769872, dts=[0.0, 0.0, 0.0, 0.0, 0.0003470000000334039, 0.0001310000000103173, 0.0, 0.0, 0.0, 0.0], mu=0.0000, std=0.0001
2025-09-18 23:40:28,391 INFO mean=0.0000, std=0.0000, Target core for docke=0.0000
2025-09-18 23:40:28,392 INFO mean=0.0000, std=0.0000, Target core for cri-c=0.0000
2025-09-18 23:40:28,392 INFO At 1408537.2811 sleeping for 0.5000 sec ...
2025-09-18 23:40:28,892 INFO At 1408537.7811 woke up
2025-09-18 23:40:28,908 INFO [WARNING] Cgroup v2 file missing for init.scope: /sys/fs/cgroup/user.slice/user-1000.slice/user@1000.service/init.scope/cpu.max
2025-09-18 23:40:28,909 INFO [WARNING] Cgroup v2 file missing for session-2.scope: /sys/fs/cgroup/user.slice/user-1000.slice/session-2.scope/cpu.max
2025-09-18 23:40:28,909 INFO [WARNING] Cgroup v2 file missing for session-467.scope: /sys/fs/cgroup/user.slice/user-1000.slice/session-467.scope/cpu.max
2025-09-18 23:40:28,909 INFO [WARNING] Cgroup v2 file missing for session-468.scope: /sys/fs/cgroup/user.slice/user-1000.slice/session-468.scope/cpu.max
2025-09-18 23:40:28,909 INFO [WARNING] Cgroup v2 file missing for session-1.scope: /sys/fs/cgroup/user.slice/user-1000.slice/session-1.scope/cpu.max
2025-09-18 23:40:28,909 INFO [WARNING] Cgroup v2 file missing for session-13.scope: /sys/fs/cgroup/user.slice/user-1000.slice/session-13.scope/cpu.max
2025-09-18 23:40:28,909 INFO [WARNING] Skipping init.scope: missing cpu.max
2025-09-18 23:40:28,909 INFO [WARNING] Skipping session-2.scope: missing cpu.max
2025-09-18 23:40:28,909 INFO [WARNING] Skipping session-467.scope: missing cpu.max
2025-09-18 23:40:28,910 INFO [WARNING] Skipping session-468.scope: missing cpu.max
2025-09-18 23:40:28,910 INFO [WARNING] Skipping session-1.scope: missing cpu.max
2025-09-18 23:40:28,910 INFO [WARNING] Skipping session-13.scope: missing cpu.max
2025-09-18 23:40:28,910 INFO At t=1408537.781134556 docker-2c33733f0ca9fc25b8bb24d1aa0287e7f2db80bf0443edf5a54ce6a22f1c8dfc.scope error 'cpu_stat.throttled_time'
2025-09-18 23:40:28,910 INFO At t=1408537.781134556 cri-containerd-4c96bcb9ea5c3df6153fb2e276cb877bc294d0f0408088d0ad24f9b297426d00.scope error 'cpu_stat.throttled_time'
2025-09-18 23:40:28,910 INFO At t=1408537.781134556 cri-containerd-d4e908f069f96800cb5fed7d11cfc647885739658c62e7fdea5db22b327a11a4.scope error 'cpu_stat.throttled_time'
2025-09-18 23:40:28,910 INFO At t=1408537.781134556 docker-d9cf6ebc715d830fa464165ed6316a76e8c2b0cd5bfb673c8033f8269f9c9188.scope error 'cpu_stat.throttled_time'
2025-09-18 23:40:28,910 INFO At t=1408537.781134556 cri-containerd-dc0571845d4f8a279459c8749c12c4888be6b92fbd178da224f04470d5fa9579.scope error 'cpu_stat.throttled_time'
2025-09-18 23:40:28,911 INFO mean=0.0000, std=0.0000, Target core for docke=0.0000
2025-09-18 23:40:28,911 INFO mean=0.0000, std=0.0000, Target core for cri-c=0.0000
2025-09-18 23:40:28,911 INFO mean=0.0000, std=0.0001, Target core for cri-c=0.0007
2025-09-18 23:40:28,911 INFO At t=1408537.7811, cri-c, curr. spread=0.0004, obs. spread=0.0004, len=10, thresh=0.0001, last_scale_diff=2.0824
2025-09-18 23:40:28,911 INFO At t=1408537.781134556, dts=[0.0, 0.0, 0.0, 0.0003470000000334039, 0.0001310000000103173, 0.0, 0.0, 0.0, 0.0, 0.0], mu=0.0000, std=0.0001
2025-09-18 23:40:28,912 INFO mean=0.0000, std=0.0000, Target core for docke=0.0000
2025-09-18 23:40:28,912 INFO mean=0.0000, std=0.0000, Target core for cri-c=0.0000
2025-09-18 23:40:28,912 INFO At 1408537.8015 sleeping for 0.5000 sec ...
2025-09-18 23:40:29,413 INFO At 1408538.3015 woke up
2025-09-18 23:40:29,429 INFO [WARNING] Cgroup v2 file missing for init.scope: /sys/fs/cgroup/user.slice/user-1000.slice/user@1000.service/init.scope/cpu.max
2025-09-18 23:40:29,429 INFO [WARNING] Cgroup v2 file missing for session-2.scope: /sys/fs/cgroup/user.slice/user-1000.slice/session-2.scope/cpu.max
2025-09-18 23:40:29,429 INFO [WARNING] Cgroup v2 file missing for session-467.scope: /sys/fs/cgroup/user.slice/user-1000.slice/session-467.scope/cpu.max
2025-09-18 23:40:29,429 INFO [WARNING] Cgroup v2 file missing for session-468.scope: /sys/fs/cgroup/user.slice/user-1000.slice/session-468.scope/cpu.max
2025-09-18 23:40:29,429 INFO [WARNING] Cgroup v2 file missing for session-1.scope: /sys/fs/cgroup/user.slice/user-1000.slice/session-1.scope/cpu.max
2025-09-18 23:40:29,430 INFO [WARNING] Cgroup v2 file missing for session-13.scope: /sys/fs/cgroup/user.slice/user-1000.slice/session-13.scope/cpu.max
2025-09-18 23:40:29,430 INFO [WARNING] Skipping init.scope: missing cpu.max
2025-09-18 23:40:29,430 INFO [WARNING] Skipping session-2.scope: missing cpu.max
2025-09-18 23:40:29,430 INFO [WARNING] Skipping session-467.scope: missing cpu.max
2025-09-18 23:40:29,430 INFO [WARNING] Skipping session-468.scope: missing cpu.max
2025-09-18 23:40:29,430 INFO [WARNING] Skipping session-1.scope: missing cpu.max
2025-09-18 23:40:29,430 INFO [WARNING] Skipping session-13.scope: missing cpu.max
2025-09-18 23:40:29,431 INFO At t=1408538.301465446 docker-2c33733f0ca9fc25b8bb24d1aa0287e7f2db80bf0443edf5a54ce6a22f1c8dfc.scope error 'cpu_stat.throttled_time'
2025-09-18 23:40:29,431 INFO At t=1408538.301465446 cri-containerd-4c96bcb9ea5c3df6153fb2e276cb877bc294d0f0408088d0ad24f9b297426d00.scope error 'cpu_stat.throttled_time'
2025-09-18 23:40:29,431 INFO At t=1408538.301465446 cri-containerd-d4e908f069f96800cb5fed7d11cfc647885739658c62e7fdea5db22b327a11a4.scope error 'cpu_stat.throttled_time'
2025-09-18 23:40:29,431 INFO At t=1408538.301465446 docker-d9cf6ebc715d830fa464165ed6316a76e8c2b0cd5bfb673c8033f8269f9c9188.scope error 'cpu_stat.throttled_time'
2025-09-18 23:40:29,431 INFO At t=1408538.301465446 cri-containerd-dc0571845d4f8a279459c8749c12c4888be6b92fbd178da224f04470d5fa9579.scope error 'cpu_stat.throttled_time'
2025-09-18 23:40:29,431 INFO mean=0.0000, std=0.0000, Target core for docke=0.0000
2025-09-18 23:40:29,431 INFO mean=0.0000, std=0.0000, Target core for cri-c=0.0000
2025-09-18 23:40:29,432 INFO mean=0.0000, std=0.0001, Target core for cri-c=0.0007
2025-09-18 23:40:29,432 INFO At t=1408538.3015, cri-c, curr. spread=0.0004, obs. spread=0.0004, len=10, thresh=0.0001, last_scale_diff=2.6027
2025-09-18 23:40:29,432 INFO At t=1408538.301465446, dts=[0.0, 0.0, 0.0003470000000334039, 0.0001310000000103173, 0.0, 0.0, 0.0, 0.0, 0.0, 0.0], mu=0.0000, std=0.0001
2025-09-18 23:40:29,432 INFO mean=0.0000, std=0.0000, Target core for docke=0.0000
2025-09-18 23:40:29,432 INFO mean=0.0000, std=0.0000, Target core for cri-c=0.0000
2025-09-18 23:40:29,432 INFO At 1408538.3219 sleeping for 0.5000 sec ...
2025-09-18 23:40:29,933 INFO At 1408538.8219 woke up
2025-09-18 23:40:29,949 INFO [WARNING] Cgroup v2 file missing for init.scope: /sys/fs/cgroup/user.slice/user-1000.slice/user@1000.service/init.scope/cpu.max
2025-09-18 23:40:29,949 INFO [WARNING] Cgroup v2 file missing for session-2.scope: /sys/fs/cgroup/user.slice/user-1000.slice/session-2.scope/cpu.max
2025-09-18 23:40:29,949 INFO [WARNING] Cgroup v2 file missing for session-467.scope: /sys/fs/cgroup/user.slice/user-1000.slice/session-467.scope/cpu.max
2025-09-18 23:40:29,950 INFO [WARNING] Cgroup v2 file missing for session-468.scope: /sys/fs/cgroup/user.slice/user-1000.slice/session-468.scope/cpu.max
2025-09-18 23:40:29,950 INFO [WARNING] Cgroup v2 file missing for session-1.scope: /sys/fs/cgroup/user.slice/user-1000.slice/session-1.scope/cpu.max
2025-09-18 23:40:29,950 INFO [WARNING] Cgroup v2 file missing for session-13.scope: /sys/fs/cgroup/user.slice/user-1000.slice/session-13.scope/cpu.max
2025-09-18 23:40:29,950 INFO [WARNING] Skipping init.scope: missing cpu.max
2025-09-18 23:40:29,950 INFO [WARNING] Skipping session-2.scope: missing cpu.max
2025-09-18 23:40:29,950 INFO [WARNING] Skipping session-467.scope: missing cpu.max
2025-09-18 23:40:29,950 INFO [WARNING] Skipping session-468.scope: missing cpu.max
2025-09-18 23:40:29,950 INFO [WARNING] Skipping session-1.scope: missing cpu.max
2025-09-18 23:40:29,950 INFO [WARNING] Skipping session-13.scope: missing cpu.max
2025-09-18 23:40:29,951 INFO At t=1408538.821862133 docker-2c33733f0ca9fc25b8bb24d1aa0287e7f2db80bf0443edf5a54ce6a22f1c8dfc.scope error 'cpu_stat.throttled_time'
2025-09-18 23:40:29,951 INFO At t=1408538.821862133 cri-containerd-4c96bcb9ea5c3df6153fb2e276cb877bc294d0f0408088d0ad24f9b297426d00.scope error 'cpu_stat.throttled_time'
2025-09-18 23:40:29,951 INFO At t=1408538.821862133 cri-containerd-d4e908f069f96800cb5fed7d11cfc647885739658c62e7fdea5db22b327a11a4.scope error 'cpu_stat.throttled_time'
2025-09-18 23:40:29,951 INFO At t=1408538.821862133 docker-d9cf6ebc715d830fa464165ed6316a76e8c2b0cd5bfb673c8033f8269f9c9188.scope error 'cpu_stat.throttled_time'
2025-09-18 23:40:29,951 INFO At t=1408538.821862133 cri-containerd-dc0571845d4f8a279459c8749c12c4888be6b92fbd178da224f04470d5fa9579.scope error 'cpu_stat.throttled_time'
2025-09-18 23:40:29,951 INFO mean=0.0000, std=0.0000, Target core for docke=0.0000
2025-09-18 23:40:29,952 INFO mean=0.0000, std=0.0000, Target core for cri-c=0.0000
2025-09-18 23:40:29,952 INFO mean=0.0000, std=0.0001, Target core for cri-c=0.0007
2025-09-18 23:40:29,952 INFO At t=1408538.8219, cri-c, curr. spread=0.0004, obs. spread=0.0004, len=10, thresh=0.0001, last_scale_diff=3.1231
2025-09-18 23:40:29,952 INFO At t=1408538.821862133, dts=[0.0, 0.0003470000000334039, 0.0001310000000103173, 0.0, 0.0, 0.0, 0.0, 0.0, 0.0, 0.0], mu=0.0000, std=0.0001
2025-09-18 23:40:29,952 INFO mean=0.0000, std=0.0000, Target core for docke=0.0000
2025-09-18 23:40:29,953 INFO mean=0.0000, std=0.0000, Target core for cri-c=0.0000
2025-09-18 23:40:29,953 INFO At 1408538.8421 sleeping for 0.5000 sec ...
2025-09-18 23:40:30,453 INFO At 1408539.3421 woke up
2025-09-18 23:40:30,469 INFO [WARNING] Cgroup v2 file missing for init.scope: /sys/fs/cgroup/user.slice/user-1000.slice/user@1000.service/init.scope/cpu.max
2025-09-18 23:40:30,470 INFO [WARNING] Cgroup v2 file missing for session-2.scope: /sys/fs/cgroup/user.slice/user-1000.slice/session-2.scope/cpu.max
2025-09-18 23:40:30,470 INFO [WARNING] Cgroup v2 file missing for session-467.scope: /sys/fs/cgroup/user.slice/user-1000.slice/session-467.scope/cpu.max
2025-09-18 23:40:30,470 INFO [WARNING] Cgroup v2 file missing for session-468.scope: /sys/fs/cgroup/user.slice/user-1000.slice/session-468.scope/cpu.max
2025-09-18 23:40:30,470 INFO [WARNING] Cgroup v2 file missing for session-1.scope: /sys/fs/cgroup/user.slice/user-1000.slice/session-1.scope/cpu.max
2025-09-18 23:40:30,470 INFO [WARNING] Cgroup v2 file missing for session-13.scope: /sys/fs/cgroup/user.slice/user-1000.slice/session-13.scope/cpu.max
2025-09-18 23:40:30,470 INFO [WARNING] Skipping init.scope: missing cpu.max
2025-09-18 23:40:30,470 INFO [WARNING] Skipping session-2.scope: missing cpu.max
2025-09-18 23:40:30,471 INFO [WARNING] Skipping session-467.scope: missing cpu.max
2025-09-18 23:40:30,471 INFO [WARNING] Skipping session-468.scope: missing cpu.max
2025-09-18 23:40:30,471 INFO [WARNING] Skipping session-1.scope: missing cpu.max
2025-09-18 23:40:30,471 INFO [WARNING] Skipping session-13.scope: missing cpu.max
2025-09-18 23:40:30,471 INFO At t=1408539.342135298 docker-2c33733f0ca9fc25b8bb24d1aa0287e7f2db80bf0443edf5a54ce6a22f1c8dfc.scope error 'cpu_stat.throttled_time'
2025-09-18 23:40:30,471 INFO At t=1408539.342135298 cri-containerd-4c96bcb9ea5c3df6153fb2e276cb877bc294d0f0408088d0ad24f9b297426d00.scope error 'cpu_stat.throttled_time'
2025-09-18 23:40:30,471 INFO At t=1408539.342135298 cri-containerd-d4e908f069f96800cb5fed7d11cfc647885739658c62e7fdea5db22b327a11a4.scope error 'cpu_stat.throttled_time'
2025-09-18 23:40:30,472 INFO At t=1408539.342135298 docker-d9cf6ebc715d830fa464165ed6316a76e8c2b0cd5bfb673c8033f8269f9c9188.scope error 'cpu_stat.throttled_time'
2025-09-18 23:40:30,472 INFO At t=1408539.342135298 cri-containerd-dc0571845d4f8a279459c8749c12c4888be6b92fbd178da224f04470d5fa9579.scope error 'cpu_stat.throttled_time'
2025-09-18 23:40:30,472 INFO mean=0.0000, std=0.0000, Target core for docke=0.0000
2025-09-18 23:40:30,472 INFO mean=0.0000, std=0.0000, Target core for cri-c=0.0000
2025-09-18 23:40:30,472 INFO mean=0.0000, std=0.0001, Target core for cri-c=0.0007
2025-09-18 23:40:30,472 INFO At t=1408539.3421, cri-c, curr. spread=0.0004, obs. spread=0.0004, len=10, thresh=0.0001, last_scale_diff=3.6434
2025-09-18 23:40:30,473 INFO At t=1408539.342135298, dts=[0.0003470000000334039, 0.0001310000000103173, 0.0, 0.0, 0.0, 0.0, 0.0, 0.0, 0.0, 0.0], mu=0.0000, std=0.0001
2025-09-18 23:40:30,473 INFO mean=0.0000, std=0.0000, Target core for docke=0.0000
2025-09-18 23:40:30,473 INFO mean=0.0000, std=0.0000, Target core for cri-c=0.0000
2025-09-18 23:40:30,473 INFO At 1408539.3626 sleeping for 0.5000 sec ...
2025-09-18 23:40:30,974 INFO At 1408539.8626 woke up
2025-09-18 23:40:30,990 INFO [WARNING] Cgroup v2 file missing for init.scope: /sys/fs/cgroup/user.slice/user-1000.slice/user@1000.service/init.scope/cpu.max
2025-09-18 23:40:30,990 INFO [WARNING] Cgroup v2 file missing for session-2.scope: /sys/fs/cgroup/user.slice/user-1000.slice/session-2.scope/cpu.max
2025-09-18 23:40:30,990 INFO [WARNING] Cgroup v2 file missing for session-467.scope: /sys/fs/cgroup/user.slice/user-1000.slice/session-467.scope/cpu.max
2025-09-18 23:40:30,990 INFO [WARNING] Cgroup v2 file missing for session-468.scope: /sys/fs/cgroup/user.slice/user-1000.slice/session-468.scope/cpu.max
2025-09-18 23:40:30,990 INFO [WARNING] Cgroup v2 file missing for session-1.scope: /sys/fs/cgroup/user.slice/user-1000.slice/session-1.scope/cpu.max
2025-09-18 23:40:30,990 INFO [WARNING] Cgroup v2 file missing for session-13.scope: /sys/fs/cgroup/user.slice/user-1000.slice/session-13.scope/cpu.max
2025-09-18 23:40:30,991 INFO [WARNING] Skipping init.scope: missing cpu.max
2025-09-18 23:40:30,991 INFO [WARNING] Skipping session-2.scope: missing cpu.max
2025-09-18 23:40:30,991 INFO [WARNING] Skipping session-467.scope: missing cpu.max
2025-09-18 23:40:30,991 INFO [WARNING] Skipping session-468.scope: missing cpu.max
2025-09-18 23:40:30,991 INFO [WARNING] Skipping session-1.scope: missing cpu.max
2025-09-18 23:40:30,991 INFO [WARNING] Skipping session-13.scope: missing cpu.max
2025-09-18 23:40:30,991 INFO At t=1408539.862556499 docker-2c33733f0ca9fc25b8bb24d1aa0287e7f2db80bf0443edf5a54ce6a22f1c8dfc.scope error 'cpu_stat.throttled_time'
2025-09-18 23:40:30,992 INFO At t=1408539.862556499 cri-containerd-4c96bcb9ea5c3df6153fb2e276cb877bc294d0f0408088d0ad24f9b297426d00.scope error 'cpu_stat.throttled_time'
2025-09-18 23:40:30,992 INFO At t=1408539.862556499 cri-containerd-d4e908f069f96800cb5fed7d11cfc647885739658c62e7fdea5db22b327a11a4.scope error 'cpu_stat.throttled_time'
2025-09-18 23:40:30,992 INFO At t=1408539.862556499 docker-d9cf6ebc715d830fa464165ed6316a76e8c2b0cd5bfb673c8033f8269f9c9188.scope error 'cpu_stat.throttled_time'
2025-09-18 23:40:30,992 INFO At t=1408539.862556499 cri-containerd-dc0571845d4f8a279459c8749c12c4888be6b92fbd178da224f04470d5fa9579.scope error 'cpu_stat.throttled_time'
2025-09-18 23:40:30,992 INFO mean=0.0000, std=0.0000, Target core for docke=0.0000
2025-09-18 23:40:30,992 INFO mean=0.0000, std=0.0000, Target core for cri-c=0.0000
2025-09-18 23:40:30,993 INFO mean=0.0000, std=0.0001, Target core for cri-c=0.0006
2025-09-18 23:40:30,993 INFO At t=1408539.8626, cri-c, curr. spread=0.0004, obs. spread=0.0003, len=10, thresh=0.0001, last_scale_diff=4.1638
2025-09-18 23:40:30,993 INFO At t=1408539.862556499, dts=[0.0001310000000103173, 0.0, 0.0, 0.0, 0.0, 0.0, 0.0, 0.0, 0.0, 0.00024600000006103073], mu=0.0000, std=0.0001
2025-09-18 23:40:30,993 INFO [DEBUG] Found cgroup file: /sys/fs/cgroup/kubepods.slice/kubepods-besteffort.slice/kubepods-besteffort-pod9e7598a9_9f3d_4d31_997c_2aca02cd8561.slice/cri-containerd-d4e908f069f96800cb5fed7d11cfc647885739658c62e7fdea5db22b327a11a4.scope/cpu.max
2025-09-18 23:40:30,993 INFO 2025-09-18 23:40:30.993684 Written cpu.max=1000 100000 to name=cri-containerd-d4e908f069f96800cb5fed7d11cfc647885739658c62e7fdea5db22b327a11a4.scope,(node,pod,container_id)=/sys/fs/cgroup/kubepods.slice/kubepods-besteffort.slice/kubepods-besteffort-pod9e7598a9_9f3d_4d31_997c_2aca02cd8561.slice/cri-containerd-d4e908f069f96800cb5fed7d11cfc647885739658c62e7fdea5db22b327a11a4.scope
2025-09-18 23:40:30,994 INFO mean=0.0000, std=0.0000, Target core for docke=0.0000
2025-09-18 23:40:30,994 INFO mean=0.0000, std=0.0000, Target core for cri-c=0.0000
2025-09-18 23:40:30,994 INFO At 1408539.8834 sleeping for 0.5000 sec ...
2025-09-18 23:40:31,495 INFO At 1408540.3834 woke up
2025-09-18 23:40:31,511 INFO [WARNING] Cgroup v2 file missing for init.scope: /sys/fs/cgroup/user.slice/user-1000.slice/user@1000.service/init.scope/cpu.max
2025-09-18 23:40:31,511 INFO [WARNING] Cgroup v2 file missing for session-2.scope: /sys/fs/cgroup/user.slice/user-1000.slice/session-2.scope/cpu.max
2025-09-18 23:40:31,511 INFO [WARNING] Cgroup v2 file missing for session-467.scope: /sys/fs/cgroup/user.slice/user-1000.slice/session-467.scope/cpu.max
2025-09-18 23:40:31,511 INFO [WARNING] Cgroup v2 file missing for session-468.scope: /sys/fs/cgroup/user.slice/user-1000.slice/session-468.scope/cpu.max
2025-09-18 23:40:31,511 INFO [WARNING] Cgroup v2 file missing for session-1.scope: /sys/fs/cgroup/user.slice/user-1000.slice/session-1.scope/cpu.max
2025-09-18 23:40:31,511 INFO [WARNING] Cgroup v2 file missing for session-13.scope: /sys/fs/cgroup/user.slice/user-1000.slice/session-13.scope/cpu.max
2025-09-18 23:40:31,512 INFO [WARNING] Skipping init.scope: missing cpu.max
2025-09-18 23:40:31,512 INFO [WARNING] Skipping session-2.scope: missing cpu.max
2025-09-18 23:40:31,512 INFO [WARNING] Skipping session-467.scope: missing cpu.max
2025-09-18 23:40:31,512 INFO [WARNING] Skipping session-468.scope: missing cpu.max
2025-09-18 23:40:31,512 INFO [WARNING] Skipping session-1.scope: missing cpu.max
2025-09-18 23:40:31,512 INFO [WARNING] Skipping session-13.scope: missing cpu.max
2025-09-18 23:40:31,512 INFO At t=1408540.383422338 docker-2c33733f0ca9fc25b8bb24d1aa0287e7f2db80bf0443edf5a54ce6a22f1c8dfc.scope error 'cpu_stat.throttled_time'
2025-09-18 23:40:31,513 INFO At t=1408540.383422338 cri-containerd-4c96bcb9ea5c3df6153fb2e276cb877bc294d0f0408088d0ad24f9b297426d00.scope error 'cpu_stat.throttled_time'
2025-09-18 23:40:31,513 INFO At t=1408540.383422338 cri-containerd-d4e908f069f96800cb5fed7d11cfc647885739658c62e7fdea5db22b327a11a4.scope error 'cpu_stat.throttled_time'
2025-09-18 23:40:31,513 INFO At t=1408540.383422338 docker-d9cf6ebc715d830fa464165ed6316a76e8c2b0cd5bfb673c8033f8269f9c9188.scope error 'cpu_stat.throttled_time'
2025-09-18 23:40:31,513 INFO At t=1408540.383422338 cri-containerd-dc0571845d4f8a279459c8749c12c4888be6b92fbd178da224f04470d5fa9579.scope error 'cpu_stat.throttled_time'
2025-09-18 23:40:31,513 INFO mean=0.0000, std=0.0000, Target core for docke=0.0000
2025-09-18 23:40:31,513 INFO mean=0.0000, std=0.0000, Target core for cri-c=0.0000
2025-09-18 23:40:31,514 INFO mean=0.0000, std=0.0001, Target core for cri-c=0.0005
2025-09-18 23:40:31,514 INFO At t=1408540.3834, cri-c, curr. spread=0.0003, obs. spread=0.0002, len=10, thresh=0.0000, last_scale_diff=0.5209
2025-09-18 23:40:31,514 INFO At t=1408540.383422338, dts=[0.0, 0.0, 0.0, 0.0, 0.0, 0.0, 0.0, 0.0, 0.00024600000006103073, 0.0], mu=0.0000, std=0.0001
2025-09-18 23:40:31,514 INFO mean=0.0000, std=0.0000, Target core for docke=0.0000
2025-09-18 23:40:31,514 INFO mean=0.0000, std=0.0000, Target core for cri-c=0.0000
2025-09-18 23:40:31,514 INFO At 1408540.4037 sleeping for 0.5000 sec ...
2025-09-18 23:40:32,015 INFO At 1408540.9037 woke up
2025-09-18 23:40:32,031 INFO [WARNING] Cgroup v2 file missing for init.scope: /sys/fs/cgroup/user.slice/user-1000.slice/user@1000.service/init.scope/cpu.max
2025-09-18 23:40:32,031 INFO [WARNING] Cgroup v2 file missing for session-2.scope: /sys/fs/cgroup/user.slice/user-1000.slice/session-2.scope/cpu.max
2025-09-18 23:40:32,032 INFO [WARNING] Cgroup v2 file missing for session-467.scope: /sys/fs/cgroup/user.slice/user-1000.slice/session-467.scope/cpu.max
2025-09-18 23:40:32,032 INFO [WARNING] Cgroup v2 file missing for session-468.scope: /sys/fs/cgroup/user.slice/user-1000.slice/session-468.scope/cpu.max
2025-09-18 23:40:32,032 INFO [WARNING] Cgroup v2 file missing for session-1.scope: /sys/fs/cgroup/user.slice/user-1000.slice/session-1.scope/cpu.max
2025-09-18 23:40:32,032 INFO [WARNING] Cgroup v2 file missing for session-13.scope: /sys/fs/cgroup/user.slice/user-1000.slice/session-13.scope/cpu.max
2025-09-18 23:40:32,032 INFO [WARNING] Skipping init.scope: missing cpu.max
2025-09-18 23:40:32,032 INFO [WARNING] Skipping session-2.scope: missing cpu.max
2025-09-18 23:40:32,032 INFO [WARNING] Skipping session-467.scope: missing cpu.max
2025-09-18 23:40:32,032 INFO [WARNING] Skipping session-468.scope: missing cpu.max
2025-09-18 23:40:32,033 INFO [WARNING] Skipping session-1.scope: missing cpu.max
2025-09-18 23:40:32,033 INFO [WARNING] Skipping session-13.scope: missing cpu.max
2025-09-18 23:40:32,033 INFO At t=1408540.90374456 docker-2c33733f0ca9fc25b8bb24d1aa0287e7f2db80bf0443edf5a54ce6a22f1c8dfc.scope error 'cpu_stat.throttled_time'
2025-09-18 23:40:32,033 INFO At t=1408540.90374456 cri-containerd-4c96bcb9ea5c3df6153fb2e276cb877bc294d0f0408088d0ad24f9b297426d00.scope error 'cpu_stat.throttled_time'
2025-09-18 23:40:32,033 INFO At t=1408540.90374456 cri-containerd-d4e908f069f96800cb5fed7d11cfc647885739658c62e7fdea5db22b327a11a4.scope error 'cpu_stat.throttled_time'
2025-09-18 23:40:32,033 INFO At t=1408540.90374456 docker-d9cf6ebc715d830fa464165ed6316a76e8c2b0cd5bfb673c8033f8269f9c9188.scope error 'cpu_stat.throttled_time'
2025-09-18 23:40:32,033 INFO At t=1408540.90374456 cri-containerd-dc0571845d4f8a279459c8749c12c4888be6b92fbd178da224f04470d5fa9579.scope error 'cpu_stat.throttled_time'
2025-09-18 23:40:32,034 INFO mean=0.0000, std=0.0000, Target core for docke=0.0000
2025-09-18 23:40:32,034 INFO mean=0.0000, std=0.0000, Target core for cri-c=0.0000
2025-09-18 23:40:32,034 INFO mean=0.0000, std=0.0001, Target core for cri-c=0.0005
2025-09-18 23:40:32,034 INFO At t=1408540.9037, cri-c, curr. spread=0.0003, obs. spread=0.0002, len=10, thresh=0.0000, last_scale_diff=1.0412
2025-09-18 23:40:32,034 INFO At t=1408540.90374456, dts=[0.0, 0.0, 0.0, 0.0, 0.0, 0.0, 0.0, 0.00024600000006103073, 0.0, 0.0], mu=0.0000, std=0.0001
2025-09-18 23:40:32,035 INFO mean=0.0000, std=0.0000, Target core for docke=0.0000
2025-09-18 23:40:32,035 INFO mean=0.0000, std=0.0000, Target core for cri-c=0.0000
2025-09-18 23:40:32,035 INFO At 1408540.9244 sleeping for 0.5000 sec ...
2025-09-18 23:40:32,535 INFO At 1408541.4244 woke up
2025-09-18 23:40:32,552 INFO [WARNING] Cgroup v2 file missing for init.scope: /sys/fs/cgroup/user.slice/user-1000.slice/user@1000.service/init.scope/cpu.max
2025-09-18 23:40:32,552 INFO [WARNING] Cgroup v2 file missing for session-2.scope: /sys/fs/cgroup/user.slice/user-1000.slice/session-2.scope/cpu.max
2025-09-18 23:40:32,553 INFO [WARNING] Cgroup v2 file missing for session-467.scope: /sys/fs/cgroup/user.slice/user-1000.slice/session-467.scope/cpu.max
2025-09-18 23:40:32,553 INFO [WARNING] Cgroup v2 file missing for session-468.scope: /sys/fs/cgroup/user.slice/user-1000.slice/session-468.scope/cpu.max
2025-09-18 23:40:32,553 INFO [WARNING] Cgroup v2 file missing for session-1.scope: /sys/fs/cgroup/user.slice/user-1000.slice/session-1.scope/cpu.max
2025-09-18 23:40:32,553 INFO [WARNING] Cgroup v2 file missing for session-13.scope: /sys/fs/cgroup/user.slice/user-1000.slice/session-13.scope/cpu.max
2025-09-18 23:40:32,553 INFO [WARNING] Skipping init.scope: missing cpu.max
2025-09-18 23:40:32,553 INFO [WARNING] Skipping session-2.scope: missing cpu.max
2025-09-18 23:40:32,553 INFO [WARNING] Skipping session-467.scope: missing cpu.max
2025-09-18 23:40:32,553 INFO [WARNING] Skipping session-468.scope: missing cpu.max
2025-09-18 23:40:32,553 INFO [WARNING] Skipping session-1.scope: missing cpu.max
2025-09-18 23:40:32,553 INFO [WARNING] Skipping session-13.scope: missing cpu.max
2025-09-18 23:40:32,554 INFO At t=1408541.424358093 docker-2c33733f0ca9fc25b8bb24d1aa0287e7f2db80bf0443edf5a54ce6a22f1c8dfc.scope error 'cpu_stat.throttled_time'
2025-09-18 23:40:32,554 INFO At t=1408541.424358093 cri-containerd-4c96bcb9ea5c3df6153fb2e276cb877bc294d0f0408088d0ad24f9b297426d00.scope error 'cpu_stat.throttled_time'
2025-09-18 23:40:32,554 INFO At t=1408541.424358093 cri-containerd-d4e908f069f96800cb5fed7d11cfc647885739658c62e7fdea5db22b327a11a4.scope error 'cpu_stat.throttled_time'
2025-09-18 23:40:32,554 INFO At t=1408541.424358093 docker-d9cf6ebc715d830fa464165ed6316a76e8c2b0cd5bfb673c8033f8269f9c9188.scope error 'cpu_stat.throttled_time'
2025-09-18 23:40:32,554 INFO At t=1408541.424358093 cri-containerd-dc0571845d4f8a279459c8749c12c4888be6b92fbd178da224f04470d5fa9579.scope error 'cpu_stat.throttled_time'
2025-09-18 23:40:32,555 INFO mean=0.0000, std=0.0000, Target core for docke=0.0000
2025-09-18 23:40:32,555 INFO mean=0.0000, std=0.0000, Target core for cri-c=0.0000
2025-09-18 23:40:32,555 INFO mean=0.0000, std=0.0001, Target core for cri-c=0.0005
2025-09-18 23:40:32,555 INFO At t=1408541.4244, cri-c, curr. spread=0.0003, obs. spread=0.0002, len=10, thresh=0.0000, last_scale_diff=1.5618
2025-09-18 23:40:32,555 INFO At t=1408541.424358093, dts=[0.0, 0.0, 0.0, 0.0, 0.0, 0.0, 0.00024600000006103073, 0.0, 0.0, 0.0], mu=0.0000, std=0.0001
2025-09-18 23:40:32,556 INFO mean=0.0000, std=0.0000, Target core for docke=0.0000
2025-09-18 23:40:32,556 INFO mean=0.0000, std=0.0000, Target core for cri-c=0.0000
2025-09-18 23:40:32,556 INFO At 1408541.4453 sleeping for 0.5000 sec ...
2025-09-18 23:40:33,056 INFO At 1408541.9453 woke up
2025-09-18 23:40:33,073 INFO [WARNING] Cgroup v2 file missing for init.scope: /sys/fs/cgroup/user.slice/user-1000.slice/user@1000.service/init.scope/cpu.max
2025-09-18 23:40:33,073 INFO [WARNING] Cgroup v2 file missing for session-2.scope: /sys/fs/cgroup/user.slice/user-1000.slice/session-2.scope/cpu.max
2025-09-18 23:40:33,074 INFO [WARNING] Cgroup v2 file missing for session-467.scope: /sys/fs/cgroup/user.slice/user-1000.slice/session-467.scope/cpu.max
2025-09-18 23:40:33,074 INFO [WARNING] Cgroup v2 file missing for session-468.scope: /sys/fs/cgroup/user.slice/user-1000.slice/session-468.scope/cpu.max
2025-09-18 23:40:33,074 INFO [WARNING] Cgroup v2 file missing for session-1.scope: /sys/fs/cgroup/user.slice/user-1000.slice/session-1.scope/cpu.max
2025-09-18 23:40:33,074 INFO [WARNING] Cgroup v2 file missing for session-13.scope: /sys/fs/cgroup/user.slice/user-1000.slice/session-13.scope/cpu.max
2025-09-18 23:40:33,074 INFO [WARNING] Skipping init.scope: missing cpu.max
2025-09-18 23:40:33,074 INFO [WARNING] Skipping session-2.scope: missing cpu.max
2025-09-18 23:40:33,074 INFO [WARNING] Skipping session-467.scope: missing cpu.max
2025-09-18 23:40:33,074 INFO [WARNING] Skipping session-468.scope: missing cpu.max
2025-09-18 23:40:33,074 INFO [WARNING] Skipping session-1.scope: missing cpu.max
2025-09-18 23:40:33,075 INFO [WARNING] Skipping session-13.scope: missing cpu.max
2025-09-18 23:40:33,075 INFO At t=1408541.945305727 docker-2c33733f0ca9fc25b8bb24d1aa0287e7f2db80bf0443edf5a54ce6a22f1c8dfc.scope error 'cpu_stat.throttled_time'
2025-09-18 23:40:33,075 INFO At t=1408541.945305727 cri-containerd-4c96bcb9ea5c3df6153fb2e276cb877bc294d0f0408088d0ad24f9b297426d00.scope error 'cpu_stat.throttled_time'
2025-09-18 23:40:33,075 INFO At t=1408541.945305727 cri-containerd-d4e908f069f96800cb5fed7d11cfc647885739658c62e7fdea5db22b327a11a4.scope error 'cpu_stat.throttled_time'
2025-09-18 23:40:33,075 INFO At t=1408541.945305727 docker-d9cf6ebc715d830fa464165ed6316a76e8c2b0cd5bfb673c8033f8269f9c9188.scope error 'cpu_stat.throttled_time'
2025-09-18 23:40:33,075 INFO At t=1408541.945305727 cri-containerd-dc0571845d4f8a279459c8749c12c4888be6b92fbd178da224f04470d5fa9579.scope error 'cpu_stat.throttled_time'
2025-09-18 23:40:33,076 INFO mean=0.0000, std=0.0000, Target core for docke=0.0000
2025-09-18 23:40:33,076 INFO mean=0.0000, std=0.0000, Target core for cri-c=0.0000
2025-09-18 23:40:33,076 INFO mean=0.0000, std=0.0001, Target core for cri-c=0.0005
2025-09-18 23:40:33,076 INFO At t=1408541.9453, cri-c, curr. spread=0.0003, obs. spread=0.0002, len=10, thresh=0.0000, last_scale_diff=2.0827
2025-09-18 23:40:33,076 INFO At t=1408541.945305727, dts=[0.0, 0.0, 0.0, 0.0, 0.0, 0.00024600000006103073, 0.0, 0.0, 0.0, 0.0], mu=0.0000, std=0.0001
2025-09-18 23:40:33,077 INFO mean=0.0000, std=0.0000, Target core for docke=0.0000
2025-09-18 23:40:33,077 INFO mean=0.0000, std=0.0000, Target core for cri-c=0.0000
2025-09-18 23:40:33,077 INFO At 1408541.9665 sleeping for 0.5000 sec ...
2025-09-18 23:40:33,578 INFO At 1408542.4665 woke up
2025-09-18 23:40:33,594 INFO [WARNING] Cgroup v2 file missing for init.scope: /sys/fs/cgroup/user.slice/user-1000.slice/user@1000.service/init.scope/cpu.max
2025-09-18 23:40:33,594 INFO [WARNING] Cgroup v2 file missing for session-2.scope: /sys/fs/cgroup/user.slice/user-1000.slice/session-2.scope/cpu.max
2025-09-18 23:40:33,595 INFO [WARNING] Cgroup v2 file missing for session-467.scope: /sys/fs/cgroup/user.slice/user-1000.slice/session-467.scope/cpu.max
2025-09-18 23:40:33,595 INFO [WARNING] Cgroup v2 file missing for session-468.scope: /sys/fs/cgroup/user.slice/user-1000.slice/session-468.scope/cpu.max
2025-09-18 23:40:33,595 INFO [WARNING] Cgroup v2 file missing for session-1.scope: /sys/fs/cgroup/user.slice/user-1000.slice/session-1.scope/cpu.max
2025-09-18 23:40:33,595 INFO [WARNING] Cgroup v2 file missing for session-13.scope: /sys/fs/cgroup/user.slice/user-1000.slice/session-13.scope/cpu.max
2025-09-18 23:40:33,595 INFO [WARNING] Skipping init.scope: missing cpu.max
2025-09-18 23:40:33,595 INFO [WARNING] Skipping session-2.scope: missing cpu.max
2025-09-18 23:40:33,595 INFO [WARNING] Skipping session-467.scope: missing cpu.max
2025-09-18 23:40:33,595 INFO [WARNING] Skipping session-468.scope: missing cpu.max
2025-09-18 23:40:33,596 INFO [WARNING] Skipping session-1.scope: missing cpu.max
2025-09-18 23:40:33,596 INFO [WARNING] Skipping session-13.scope: missing cpu.max
2025-09-18 23:40:33,596 INFO At t=1408542.466466786 docker-2c33733f0ca9fc25b8bb24d1aa0287e7f2db80bf0443edf5a54ce6a22f1c8dfc.scope error 'cpu_stat.throttled_time'
2025-09-18 23:40:33,596 INFO At t=1408542.466466786 cri-containerd-4c96bcb9ea5c3df6153fb2e276cb877bc294d0f0408088d0ad24f9b297426d00.scope error 'cpu_stat.throttled_time'
2025-09-18 23:40:33,596 INFO At t=1408542.466466786 cri-containerd-d4e908f069f96800cb5fed7d11cfc647885739658c62e7fdea5db22b327a11a4.scope error 'cpu_stat.throttled_time'
2025-09-18 23:40:33,596 INFO At t=1408542.466466786 docker-d9cf6ebc715d830fa464165ed6316a76e8c2b0cd5bfb673c8033f8269f9c9188.scope error 'cpu_stat.throttled_time'
2025-09-18 23:40:33,596 INFO At t=1408542.466466786 cri-containerd-dc0571845d4f8a279459c8749c12c4888be6b92fbd178da224f04470d5fa9579.scope error 'cpu_stat.throttled_time'
2025-09-18 23:40:33,597 INFO mean=0.0000, std=0.0000, Target core for docke=0.0000
2025-09-18 23:40:33,597 INFO mean=0.0000, std=0.0000, Target core for cri-c=0.0000
2025-09-18 23:40:33,597 INFO mean=0.0000, std=0.0001, Target core for cri-c=0.0005
2025-09-18 23:40:33,597 INFO At t=1408542.4665, cri-c, curr. spread=0.0003, obs. spread=0.0002, len=10, thresh=0.0000, last_scale_diff=2.6039
2025-09-18 23:40:33,597 INFO At t=1408542.466466786, dts=[0.0, 0.0, 0.0, 0.0, 0.00024600000006103073, 0.0, 0.0, 0.0, 0.0, 0.0], mu=0.0000, std=0.0001
2025-09-18 23:40:33,598 INFO mean=0.0000, std=0.0000, Target core for docke=0.0000
2025-09-18 23:40:33,598 INFO mean=0.0000, std=0.0000, Target core for cri-c=0.0000
2025-09-18 23:40:33,598 INFO At 1408542.4875 sleeping for 0.5000 sec ...
2025-09-18 23:40:34,099 INFO At 1408542.9875 woke up
2025-09-18 23:40:34,115 INFO [WARNING] Cgroup v2 file missing for init.scope: /sys/fs/cgroup/user.slice/user-1000.slice/user@1000.service/init.scope/cpu.max
2025-09-18 23:40:34,115 INFO [WARNING] Cgroup v2 file missing for session-2.scope: /sys/fs/cgroup/user.slice/user-1000.slice/session-2.scope/cpu.max
2025-09-18 23:40:34,115 INFO [WARNING] Cgroup v2 file missing for session-467.scope: /sys/fs/cgroup/user.slice/user-1000.slice/session-467.scope/cpu.max
2025-09-18 23:40:34,115 INFO [WARNING] Cgroup v2 file missing for session-468.scope: /sys/fs/cgroup/user.slice/user-1000.slice/session-468.scope/cpu.max
2025-09-18 23:40:34,116 INFO [WARNING] Cgroup v2 file missing for session-1.scope: /sys/fs/cgroup/user.slice/user-1000.slice/session-1.scope/cpu.max
2025-09-18 23:40:34,116 INFO [WARNING] Cgroup v2 file missing for session-13.scope: /sys/fs/cgroup/user.slice/user-1000.slice/session-13.scope/cpu.max
2025-09-18 23:40:34,116 INFO [WARNING] Skipping init.scope: missing cpu.max
2025-09-18 23:40:34,116 INFO [WARNING] Skipping session-2.scope: missing cpu.max
2025-09-18 23:40:34,116 INFO [WARNING] Skipping session-467.scope: missing cpu.max
2025-09-18 23:40:34,116 INFO [WARNING] Skipping session-468.scope: missing cpu.max
2025-09-18 23:40:34,116 INFO [WARNING] Skipping session-1.scope: missing cpu.max
2025-09-18 23:40:34,116 INFO [WARNING] Skipping session-13.scope: missing cpu.max
2025-09-18 23:40:34,117 INFO At t=1408542.987501171 docker-2c33733f0ca9fc25b8bb24d1aa0287e7f2db80bf0443edf5a54ce6a22f1c8dfc.scope error 'cpu_stat.throttled_time'
2025-09-18 23:40:34,117 INFO At t=1408542.987501171 cri-containerd-4c96bcb9ea5c3df6153fb2e276cb877bc294d0f0408088d0ad24f9b297426d00.scope error 'cpu_stat.throttled_time'
2025-09-18 23:40:34,117 INFO At t=1408542.987501171 cri-containerd-d4e908f069f96800cb5fed7d11cfc647885739658c62e7fdea5db22b327a11a4.scope error 'cpu_stat.throttled_time'
2025-09-18 23:40:34,117 INFO At t=1408542.987501171 docker-d9cf6ebc715d830fa464165ed6316a76e8c2b0cd5bfb673c8033f8269f9c9188.scope error 'cpu_stat.throttled_time'
2025-09-18 23:40:34,117 INFO At t=1408542.987501171 cri-containerd-dc0571845d4f8a279459c8749c12c4888be6b92fbd178da224f04470d5fa9579.scope error 'cpu_stat.throttled_time'
2025-09-18 23:40:34,117 INFO mean=0.0000, std=0.0000, Target core for docke=0.0000
2025-09-18 23:40:34,118 INFO mean=0.0000, std=0.0000, Target core for cri-c=0.0000
2025-09-18 23:40:34,118 INFO mean=0.0000, std=0.0001, Target core for cri-c=0.0005
2025-09-18 23:40:34,118 INFO At t=1408542.9875, cri-c, curr. spread=0.0003, obs. spread=0.0002, len=10, thresh=0.0000, last_scale_diff=3.1249
2025-09-18 23:40:34,118 INFO At t=1408542.987501171, dts=[0.0, 0.0, 0.0, 0.00024600000006103073, 0.0, 0.0, 0.0, 0.0, 0.0, 0.0], mu=0.0000, std=0.0001
2025-09-18 23:40:34,118 INFO mean=0.0000, std=0.0000, Target core for docke=0.0000
2025-09-18 23:40:34,119 INFO mean=0.0000, std=0.0000, Target core for cri-c=0.0000
2025-09-18 23:40:34,119 INFO At 1408543.0081 sleeping for 0.5000 sec ...
2025-09-18 23:40:34,619 INFO At 1408543.5081 woke up
2025-09-18 23:40:34,635 INFO [WARNING] Cgroup v2 file missing for init.scope: /sys/fs/cgroup/user.slice/user-1000.slice/user@1000.service/init.scope/cpu.max
2025-09-18 23:40:34,636 INFO [WARNING] Cgroup v2 file missing for session-2.scope: /sys/fs/cgroup/user.slice/user-1000.slice/session-2.scope/cpu.max
2025-09-18 23:40:34,636 INFO [WARNING] Cgroup v2 file missing for session-467.scope: /sys/fs/cgroup/user.slice/user-1000.slice/session-467.scope/cpu.max
2025-09-18 23:40:34,636 INFO [WARNING] Cgroup v2 file missing for session-468.scope: /sys/fs/cgroup/user.slice/user-1000.slice/session-468.scope/cpu.max
2025-09-18 23:40:34,636 INFO [WARNING] Cgroup v2 file missing for session-1.scope: /sys/fs/cgroup/user.slice/user-1000.slice/session-1.scope/cpu.max
2025-09-18 23:40:34,636 INFO [WARNING] Cgroup v2 file missing for session-13.scope: /sys/fs/cgroup/user.slice/user-1000.slice/session-13.scope/cpu.max
2025-09-18 23:40:34,636 INFO [WARNING] Skipping init.scope: missing cpu.max
2025-09-18 23:40:34,637 INFO [WARNING] Skipping session-2.scope: missing cpu.max
2025-09-18 23:40:34,637 INFO [WARNING] Skipping session-467.scope: missing cpu.max
2025-09-18 23:40:34,637 INFO [WARNING] Skipping session-468.scope: missing cpu.max
2025-09-18 23:40:34,637 INFO [WARNING] Skipping session-1.scope: missing cpu.max
2025-09-18 23:40:34,637 INFO [WARNING] Skipping session-13.scope: missing cpu.max
2025-09-18 23:40:34,637 INFO At t=1408543.508118518 docker-2c33733f0ca9fc25b8bb24d1aa0287e7f2db80bf0443edf5a54ce6a22f1c8dfc.scope error 'cpu_stat.throttled_time'
2025-09-18 23:40:34,637 INFO At t=1408543.508118518 cri-containerd-4c96bcb9ea5c3df6153fb2e276cb877bc294d0f0408088d0ad24f9b297426d00.scope error 'cpu_stat.throttled_time'
2025-09-18 23:40:34,637 INFO At t=1408543.508118518 cri-containerd-d4e908f069f96800cb5fed7d11cfc647885739658c62e7fdea5db22b327a11a4.scope error 'cpu_stat.throttled_time'
2025-09-18 23:40:34,638 INFO At t=1408543.508118518 docker-d9cf6ebc715d830fa464165ed6316a76e8c2b0cd5bfb673c8033f8269f9c9188.scope error 'cpu_stat.throttled_time'
2025-09-18 23:40:34,638 INFO At t=1408543.508118518 cri-containerd-dc0571845d4f8a279459c8749c12c4888be6b92fbd178da224f04470d5fa9579.scope error 'cpu_stat.throttled_time'
2025-09-18 23:40:34,638 INFO mean=0.0000, std=0.0000, Target core for docke=0.0000
2025-09-18 23:40:34,638 INFO mean=0.0000, std=0.0000, Target core for cri-c=0.0000
2025-09-18 23:40:34,638 INFO mean=0.0000, std=0.0001, Target core for cri-c=0.0005
2025-09-18 23:40:34,638 INFO At t=1408543.5081, cri-c, curr. spread=0.0003, obs. spread=0.0002, len=10, thresh=0.0000, last_scale_diff=3.6456
2025-09-18 23:40:34,639 INFO At t=1408543.508118518, dts=[0.0, 0.0, 0.00024600000006103073, 0.0, 0.0, 0.0, 0.0, 0.0, 0.0, 0.0], mu=0.0000, std=0.0001
2025-09-18 23:40:34,639 INFO mean=0.0000, std=0.0000, Target core for docke=0.0000
2025-09-18 23:40:34,639 INFO mean=0.0000, std=0.0000, Target core for cri-c=0.0000
2025-09-18 23:40:34,639 INFO At 1408543.5286 sleeping for 0.5000 sec ...
2025-09-18 23:40:35,140 INFO At 1408544.0286 woke up
2025-09-18 23:40:35,156 INFO [WARNING] Cgroup v2 file missing for init.scope: /sys/fs/cgroup/user.slice/user-1000.slice/user@1000.service/init.scope/cpu.max
2025-09-18 23:40:35,156 INFO [WARNING] Cgroup v2 file missing for session-2.scope: /sys/fs/cgroup/user.slice/user-1000.slice/session-2.scope/cpu.max
2025-09-18 23:40:35,156 INFO [WARNING] Cgroup v2 file missing for session-467.scope: /sys/fs/cgroup/user.slice/user-1000.slice/session-467.scope/cpu.max
2025-09-18 23:40:35,156 INFO [WARNING] Cgroup v2 file missing for session-468.scope: /sys/fs/cgroup/user.slice/user-1000.slice/session-468.scope/cpu.max
2025-09-18 23:40:35,156 INFO [WARNING] Cgroup v2 file missing for session-1.scope: /sys/fs/cgroup/user.slice/user-1000.slice/session-1.scope/cpu.max
2025-09-18 23:40:35,156 INFO [WARNING] Cgroup v2 file missing for session-13.scope: /sys/fs/cgroup/user.slice/user-1000.slice/session-13.scope/cpu.max
2025-09-18 23:40:35,157 INFO [WARNING] Skipping init.scope: missing cpu.max
2025-09-18 23:40:35,157 INFO [WARNING] Skipping session-2.scope: missing cpu.max
2025-09-18 23:40:35,157 INFO [WARNING] Skipping session-467.scope: missing cpu.max
2025-09-18 23:40:35,157 INFO [WARNING] Skipping session-468.scope: missing cpu.max
2025-09-18 23:40:35,157 INFO [WARNING] Skipping session-1.scope: missing cpu.max
2025-09-18 23:40:35,157 INFO [WARNING] Skipping session-13.scope: missing cpu.max
2025-09-18 23:40:35,157 INFO At t=1408544.02860616 docker-2c33733f0ca9fc25b8bb24d1aa0287e7f2db80bf0443edf5a54ce6a22f1c8dfc.scope error 'cpu_stat.throttled_time'
2025-09-18 23:40:35,158 INFO At t=1408544.02860616 cri-containerd-4c96bcb9ea5c3df6153fb2e276cb877bc294d0f0408088d0ad24f9b297426d00.scope error 'cpu_stat.throttled_time'
2025-09-18 23:40:35,158 INFO At t=1408544.02860616 cri-containerd-d4e908f069f96800cb5fed7d11cfc647885739658c62e7fdea5db22b327a11a4.scope error 'cpu_stat.throttled_time'
2025-09-18 23:40:35,158 INFO At t=1408544.02860616 docker-d9cf6ebc715d830fa464165ed6316a76e8c2b0cd5bfb673c8033f8269f9c9188.scope error 'cpu_stat.throttled_time'
2025-09-18 23:40:35,158 INFO At t=1408544.02860616 cri-containerd-dc0571845d4f8a279459c8749c12c4888be6b92fbd178da224f04470d5fa9579.scope error 'cpu_stat.throttled_time'
2025-09-18 23:40:35,158 INFO mean=0.0000, std=0.0000, Target core for docke=0.0000
2025-09-18 23:40:35,158 INFO mean=0.0000, std=0.0000, Target core for cri-c=0.0000
2025-09-18 23:40:35,159 INFO mean=0.0000, std=0.0001, Target core for cri-c=0.0005
2025-09-18 23:40:35,159 INFO At t=1408544.0286, cri-c, curr. spread=0.0003, obs. spread=0.0002, len=10, thresh=0.0000, last_scale_diff=4.1660
2025-09-18 23:40:35,159 INFO At t=1408544.02860616, dts=[0.0, 0.00024600000006103073, 0.0, 0.0, 0.0, 0.0, 0.0, 0.0, 0.0, 0.0], mu=0.0000, std=0.0001
2025-09-18 23:40:35,159 INFO mean=0.0000, std=0.0000, Target core for docke=0.0000
2025-09-18 23:40:35,159 INFO mean=0.0000, std=0.0000, Target core for cri-c=0.0000
2025-09-18 23:40:35,159 INFO At 1408544.0488 sleeping for 0.5000 sec ...
2025-09-18 23:40:35,660 INFO At 1408544.5488 woke up
2025-09-18 23:40:35,676 INFO [WARNING] Cgroup v2 file missing for init.scope: /sys/fs/cgroup/user.slice/user-1000.slice/user@1000.service/init.scope/cpu.max
2025-09-18 23:40:35,676 INFO [WARNING] Cgroup v2 file missing for session-2.scope: /sys/fs/cgroup/user.slice/user-1000.slice/session-2.scope/cpu.max
2025-09-18 23:40:35,677 INFO [WARNING] Cgroup v2 file missing for session-467.scope: /sys/fs/cgroup/user.slice/user-1000.slice/session-467.scope/cpu.max
2025-09-18 23:40:35,677 INFO [WARNING] Cgroup v2 file missing for session-468.scope: /sys/fs/cgroup/user.slice/user-1000.slice/session-468.scope/cpu.max
2025-09-18 23:40:35,677 INFO [WARNING] Cgroup v2 file missing for session-1.scope: /sys/fs/cgroup/user.slice/user-1000.slice/session-1.scope/cpu.max
2025-09-18 23:40:35,677 INFO [WARNING] Cgroup v2 file missing for session-13.scope: /sys/fs/cgroup/user.slice/user-1000.slice/session-13.scope/cpu.max
2025-09-18 23:40:35,677 INFO [WARNING] Skipping init.scope: missing cpu.max
2025-09-18 23:40:35,677 INFO [WARNING] Skipping session-2.scope: missing cpu.max
2025-09-18 23:40:35,677 INFO [WARNING] Skipping session-467.scope: missing cpu.max
2025-09-18 23:40:35,677 INFO [WARNING] Skipping session-468.scope: missing cpu.max
2025-09-18 23:40:35,677 INFO [WARNING] Skipping session-1.scope: missing cpu.max
2025-09-18 23:40:35,677 INFO [WARNING] Skipping session-13.scope: missing cpu.max
2025-09-18 23:40:35,678 INFO At t=1408544.548779365 docker-2c33733f0ca9fc25b8bb24d1aa0287e7f2db80bf0443edf5a54ce6a22f1c8dfc.scope error 'cpu_stat.throttled_time'
2025-09-18 23:40:35,678 INFO At t=1408544.548779365 cri-containerd-4c96bcb9ea5c3df6153fb2e276cb877bc294d0f0408088d0ad24f9b297426d00.scope error 'cpu_stat.throttled_time'
2025-09-18 23:40:35,678 INFO At t=1408544.548779365 cri-containerd-d4e908f069f96800cb5fed7d11cfc647885739658c62e7fdea5db22b327a11a4.scope error 'cpu_stat.throttled_time'
2025-09-18 23:40:35,678 INFO At t=1408544.548779365 docker-d9cf6ebc715d830fa464165ed6316a76e8c2b0cd5bfb673c8033f8269f9c9188.scope error 'cpu_stat.throttled_time'
2025-09-18 23:40:35,678 INFO At t=1408544.548779365 cri-containerd-dc0571845d4f8a279459c8749c12c4888be6b92fbd178da224f04470d5fa9579.scope error 'cpu_stat.throttled_time'
2025-09-18 23:40:35,678 INFO mean=0.0000, std=0.0000, Target core for docke=0.0000
2025-09-18 23:40:35,679 INFO mean=0.0000, std=0.0000, Target core for cri-c=0.0000
2025-09-18 23:40:35,679 INFO mean=0.0000, std=0.0001, Target core for cri-c=0.0005
2025-09-18 23:40:35,679 INFO At t=1408544.5488, cri-c, curr. spread=0.0003, obs. spread=0.0002, len=10, thresh=0.0000, last_scale_diff=4.6862
2025-09-18 23:40:35,679 INFO At t=1408544.548779365, dts=[0.00024600000006103073, 0.0, 0.0, 0.0, 0.0, 0.0, 0.0, 0.0, 0.0, 0.0], mu=0.0000, std=0.0001
2025-09-18 23:40:35,679 INFO mean=0.0000, std=0.0000, Target core for docke=0.0000
2025-09-18 23:40:35,680 INFO mean=0.0000, std=0.0000, Target core for cri-c=0.0000
2025-09-18 23:40:35,680 INFO At 1408544.5692 sleeping for 0.5000 sec ...
2025-09-18 23:40:36,180 INFO At 1408545.0692 woke up
2025-09-18 23:40:36,197 INFO [WARNING] Cgroup v2 file missing for init.scope: /sys/fs/cgroup/user.slice/user-1000.slice/user@1000.service/init.scope/cpu.max
2025-09-18 23:40:36,197 INFO [WARNING] Cgroup v2 file missing for session-2.scope: /sys/fs/cgroup/user.slice/user-1000.slice/session-2.scope/cpu.max
2025-09-18 23:40:36,197 INFO [WARNING] Cgroup v2 file missing for session-467.scope: /sys/fs/cgroup/user.slice/user-1000.slice/session-467.scope/cpu.max
2025-09-18 23:40:36,197 INFO [WARNING] Cgroup v2 file missing for session-468.scope: /sys/fs/cgroup/user.slice/user-1000.slice/session-468.scope/cpu.max
2025-09-18 23:40:36,197 INFO [WARNING] Cgroup v2 file missing for session-1.scope: /sys/fs/cgroup/user.slice/user-1000.slice/session-1.scope/cpu.max
2025-09-18 23:40:36,197 INFO [WARNING] Cgroup v2 file missing for session-13.scope: /sys/fs/cgroup/user.slice/user-1000.slice/session-13.scope/cpu.max
2025-09-18 23:40:36,198 INFO [WARNING] Skipping init.scope: missing cpu.max
2025-09-18 23:40:36,198 INFO [WARNING] Skipping session-2.scope: missing cpu.max
2025-09-18 23:40:36,198 INFO [WARNING] Skipping session-467.scope: missing cpu.max
2025-09-18 23:40:36,198 INFO [WARNING] Skipping session-468.scope: missing cpu.max
2025-09-18 23:40:36,198 INFO [WARNING] Skipping session-1.scope: missing cpu.max
2025-09-18 23:40:36,198 INFO [WARNING] Skipping session-13.scope: missing cpu.max
2025-09-18 23:40:36,198 INFO At t=1408545.06920188 docker-2c33733f0ca9fc25b8bb24d1aa0287e7f2db80bf0443edf5a54ce6a22f1c8dfc.scope error 'cpu_stat.throttled_time'
2025-09-18 23:40:36,198 INFO At t=1408545.06920188 cri-containerd-4c96bcb9ea5c3df6153fb2e276cb877bc294d0f0408088d0ad24f9b297426d00.scope error 'cpu_stat.throttled_time'
2025-09-18 23:40:36,199 INFO At t=1408545.06920188 cri-containerd-d4e908f069f96800cb5fed7d11cfc647885739658c62e7fdea5db22b327a11a4.scope error 'cpu_stat.throttled_time'
2025-09-18 23:40:36,199 INFO At t=1408545.06920188 docker-d9cf6ebc715d830fa464165ed6316a76e8c2b0cd5bfb673c8033f8269f9c9188.scope error 'cpu_stat.throttled_time'
2025-09-18 23:40:36,199 INFO At t=1408545.06920188 cri-containerd-dc0571845d4f8a279459c8749c12c4888be6b92fbd178da224f04470d5fa9579.scope error 'cpu_stat.throttled_time'
2025-09-18 23:40:36,199 INFO mean=0.0000, std=0.0000, Target core for docke=0.0000
2025-09-18 23:40:36,199 INFO mean=0.0000, std=0.0000, Target core for cri-c=0.0000
2025-09-18 23:40:36,199 INFO mean=0.0003, std=0.0008, Target core for cri-c=0.0056
2025-09-18 23:40:36,200 INFO At t=1408545.0692, cri-c, curr. spread=0.0003, obs. spread=0.0028, len=10, thresh=0.0000, last_scale_diff=5.2066
2025-09-18 23:40:36,200 INFO At t=1408545.06920188, dts=[0.0, 0.0, 0.0, 0.0, 0.0, 0.0, 0.0, 0.0, 0.0, 0.002818999999931293], mu=0.0003, std=0.0008
2025-09-18 23:40:36,200 INFO [DEBUG] Found cgroup file: /sys/fs/cgroup/kubepods.slice/kubepods-besteffort.slice/kubepods-besteffort-pod9e7598a9_9f3d_4d31_997c_2aca02cd8561.slice/cri-containerd-d4e908f069f96800cb5fed7d11cfc647885739658c62e7fdea5db22b327a11a4.scope/cpu.max
2025-09-18 23:40:36,200 INFO 2025-09-18 23:40:36.200614 Written cpu.max=1000 100000 to name=cri-containerd-d4e908f069f96800cb5fed7d11cfc647885739658c62e7fdea5db22b327a11a4.scope,(node,pod,container_id)=/sys/fs/cgroup/kubepods.slice/kubepods-besteffort.slice/kubepods-besteffort-pod9e7598a9_9f3d_4d31_997c_2aca02cd8561.slice/cri-containerd-d4e908f069f96800cb5fed7d11cfc647885739658c62e7fdea5db22b327a11a4.scope
2025-09-18 23:40:36,201 INFO mean=0.0000, std=0.0000, Target core for docke=0.0000
2025-09-18 23:40:36,201 INFO mean=0.0000, std=0.0000, Target core for cri-c=0.0000
2025-09-18 23:40:36,201 INFO At 1408545.0904 sleeping for 0.5000 sec ...
2025-09-18 23:40:36,701 INFO At 1408545.5904 woke up
2025-09-18 23:40:36,717 INFO [WARNING] Cgroup v2 file missing for init.scope: /sys/fs/cgroup/user.slice/user-1000.slice/user@1000.service/init.scope/cpu.max
2025-09-18 23:40:36,718 INFO [WARNING] Cgroup v2 file missing for session-2.scope: /sys/fs/cgroup/user.slice/user-1000.slice/session-2.scope/cpu.max
2025-09-18 23:40:36,718 INFO [WARNING] Cgroup v2 file missing for session-467.scope: /sys/fs/cgroup/user.slice/user-1000.slice/session-467.scope/cpu.max
2025-09-18 23:40:36,718 INFO [WARNING] Cgroup v2 file missing for session-468.scope: /sys/fs/cgroup/user.slice/user-1000.slice/session-468.scope/cpu.max
2025-09-18 23:40:36,718 INFO [WARNING] Cgroup v2 file missing for session-1.scope: /sys/fs/cgroup/user.slice/user-1000.slice/session-1.scope/cpu.max
2025-09-18 23:40:36,718 INFO [WARNING] Cgroup v2 file missing for session-13.scope: /sys/fs/cgroup/user.slice/user-1000.slice/session-13.scope/cpu.max
2025-09-18 23:40:36,718 INFO [WARNING] Skipping init.scope: missing cpu.max
2025-09-18 23:40:36,718 INFO [WARNING] Skipping session-2.scope: missing cpu.max
2025-09-18 23:40:36,719 INFO [WARNING] Skipping session-467.scope: missing cpu.max
2025-09-18 23:40:36,719 INFO [WARNING] Skipping session-468.scope: missing cpu.max
2025-09-18 23:40:36,719 INFO [WARNING] Skipping session-1.scope: missing cpu.max
2025-09-18 23:40:36,719 INFO [WARNING] Skipping session-13.scope: missing cpu.max
2025-09-18 23:40:36,719 INFO At t=1408545.590354778 docker-2c33733f0ca9fc25b8bb24d1aa0287e7f2db80bf0443edf5a54ce6a22f1c8dfc.scope error 'cpu_stat.throttled_time'
2025-09-18 23:40:36,719 INFO At t=1408545.590354778 cri-containerd-4c96bcb9ea5c3df6153fb2e276cb877bc294d0f0408088d0ad24f9b297426d00.scope error 'cpu_stat.throttled_time'
2025-09-18 23:40:36,719 INFO At t=1408545.590354778 cri-containerd-d4e908f069f96800cb5fed7d11cfc647885739658c62e7fdea5db22b327a11a4.scope error 'cpu_stat.throttled_time'
2025-09-18 23:40:36,720 INFO At t=1408545.590354778 docker-d9cf6ebc715d830fa464165ed6316a76e8c2b0cd5bfb673c8033f8269f9c9188.scope error 'cpu_stat.throttled_time'
2025-09-18 23:40:36,720 INFO At t=1408545.590354778 cri-containerd-dc0571845d4f8a279459c8749c12c4888be6b92fbd178da224f04470d5fa9579.scope error 'cpu_stat.throttled_time'
2025-09-18 23:40:36,720 INFO mean=0.0000, std=0.0000, Target core for docke=0.0000
2025-09-18 23:40:36,720 INFO mean=0.0000, std=0.0000, Target core for cri-c=0.0000
2025-09-18 23:40:36,720 INFO mean=0.0005, std=0.0011, Target core for cri-c=0.0075
2025-09-18 23:40:36,720 INFO At t=1408545.5904, cri-c, curr. spread=0.0028, obs. spread=0.0038, len=10, thresh=0.0004, last_scale_diff=0.5212
2025-09-18 23:40:36,721 INFO At t=1408545.590354778, dts=[0.0, 0.0, 0.0, 0.0, 0.0, 0.0, 0.0, 0.0, 0.002818999999931293, 0.0025530000000344444], mu=0.0005, std=0.0011
2025-09-18 23:40:36,721 INFO mean=0.0000, std=0.0000, Target core for docke=0.0000
2025-09-18 23:40:36,721 INFO mean=0.0000, std=0.0000, Target core for cri-c=0.0000
2025-09-18 23:40:36,721 INFO At 1408545.6106 sleeping for 0.5000 sec ...
2025-09-18 23:40:37,222 INFO At 1408546.1106 woke up
2025-09-18 23:40:37,238 INFO [WARNING] Cgroup v2 file missing for init.scope: /sys/fs/cgroup/user.slice/user-1000.slice/user@1000.service/init.scope/cpu.max
2025-09-18 23:40:37,238 INFO [WARNING] Cgroup v2 file missing for session-2.scope: /sys/fs/cgroup/user.slice/user-1000.slice/session-2.scope/cpu.max
2025-09-18 23:40:37,238 INFO [WARNING] Cgroup v2 file missing for session-467.scope: /sys/fs/cgroup/user.slice/user-1000.slice/session-467.scope/cpu.max
2025-09-18 23:40:37,238 INFO [WARNING] Cgroup v2 file missing for session-468.scope: /sys/fs/cgroup/user.slice/user-1000.slice/session-468.scope/cpu.max
2025-09-18 23:40:37,238 INFO [WARNING] Cgroup v2 file missing for session-1.scope: /sys/fs/cgroup/user.slice/user-1000.slice/session-1.scope/cpu.max
2025-09-18 23:40:37,238 INFO [WARNING] Cgroup v2 file missing for session-13.scope: /sys/fs/cgroup/user.slice/user-1000.slice/session-13.scope/cpu.max
2025-09-18 23:40:37,239 INFO [WARNING] Skipping init.scope: missing cpu.max
2025-09-18 23:40:37,239 INFO [WARNING] Skipping session-2.scope: missing cpu.max
2025-09-18 23:40:37,239 INFO [WARNING] Skipping session-467.scope: missing cpu.max
2025-09-18 23:40:37,239 INFO [WARNING] Skipping session-468.scope: missing cpu.max
2025-09-18 23:40:37,239 INFO [WARNING] Skipping session-1.scope: missing cpu.max
2025-09-18 23:40:37,239 INFO [WARNING] Skipping session-13.scope: missing cpu.max
2025-09-18 23:40:37,239 INFO At t=1408546.110585594 docker-2c33733f0ca9fc25b8bb24d1aa0287e7f2db80bf0443edf5a54ce6a22f1c8dfc.scope error 'cpu_stat.throttled_time'
2025-09-18 23:40:37,240 INFO At t=1408546.110585594 cri-containerd-4c96bcb9ea5c3df6153fb2e276cb877bc294d0f0408088d0ad24f9b297426d00.scope error 'cpu_stat.throttled_time'
2025-09-18 23:40:37,240 INFO At t=1408546.110585594 cri-containerd-d4e908f069f96800cb5fed7d11cfc647885739658c62e7fdea5db22b327a11a4.scope error 'cpu_stat.throttled_time'
2025-09-18 23:40:37,240 INFO At t=1408546.110585594 docker-d9cf6ebc715d830fa464165ed6316a76e8c2b0cd5bfb673c8033f8269f9c9188.scope error 'cpu_stat.throttled_time'
2025-09-18 23:40:37,240 INFO At t=1408546.110585594 cri-containerd-dc0571845d4f8a279459c8749c12c4888be6b92fbd178da224f04470d5fa9579.scope error 'cpu_stat.throttled_time'
2025-09-18 23:40:37,240 INFO mean=0.0000, std=0.0000, Target core for docke=0.0000
2025-09-18 23:40:37,240 INFO mean=0.0000, std=0.0000, Target core for cri-c=0.0000
2025-09-18 23:40:37,241 INFO mean=0.0006, std=0.0011, Target core for cri-c=0.0075
2025-09-18 23:40:37,241 INFO At t=1408546.1106, cri-c, curr. spread=0.0028, obs. spread=0.0038, len=10, thresh=0.0004, last_scale_diff=1.0414
2025-09-18 23:40:37,241 INFO At t=1408546.110585594, dts=[0.0, 0.0, 0.0, 0.0, 0.0, 0.0, 0.0, 0.002818999999931293, 0.0025530000000344444, 0.00022200000000793807], mu=0.0006, std=0.0011
2025-09-18 23:40:37,241 INFO [DEBUG] Found cgroup file: /sys/fs/cgroup/kubepods.slice/kubepods-besteffort.slice/kubepods-besteffort-pod9e7598a9_9f3d_4d31_997c_2aca02cd8561.slice/cri-containerd-d4e908f069f96800cb5fed7d11cfc647885739658c62e7fdea5db22b327a11a4.scope/cpu.max
2025-09-18 23:40:37,241 INFO 2025-09-18 23:40:37.241635 Written cpu.max=1000 100000 to name=cri-containerd-d4e908f069f96800cb5fed7d11cfc647885739658c62e7fdea5db22b327a11a4.scope,(node,pod,container_id)=/sys/fs/cgroup/kubepods.slice/kubepods-besteffort.slice/kubepods-besteffort-pod9e7598a9_9f3d_4d31_997c_2aca02cd8561.slice/cri-containerd-d4e908f069f96800cb5fed7d11cfc647885739658c62e7fdea5db22b327a11a4.scope
2025-09-18 23:40:37,242 INFO mean=0.0000, std=0.0000, Target core for docke=0.0000
2025-09-18 23:40:37,242 INFO mean=0.0000, std=0.0000, Target core for cri-c=0.0000
2025-09-18 23:40:37,242 INFO At 1408546.1314 sleeping for 0.5000 sec ...
2025-09-18 23:40:37,742 INFO At 1408546.6314 woke up
2025-09-18 23:40:37,759 INFO [WARNING] Cgroup v2 file missing for init.scope: /sys/fs/cgroup/user.slice/user-1000.slice/user@1000.service/init.scope/cpu.max
2025-09-18 23:40:37,759 INFO [WARNING] Cgroup v2 file missing for session-2.scope: /sys/fs/cgroup/user.slice/user-1000.slice/session-2.scope/cpu.max
2025-09-18 23:40:37,759 INFO [WARNING] Cgroup v2 file missing for session-467.scope: /sys/fs/cgroup/user.slice/user-1000.slice/session-467.scope/cpu.max
2025-09-18 23:40:37,759 INFO [WARNING] Cgroup v2 file missing for session-468.scope: /sys/fs/cgroup/user.slice/user-1000.slice/session-468.scope/cpu.max
2025-09-18 23:40:37,759 INFO [WARNING] Cgroup v2 file missing for session-1.scope: /sys/fs/cgroup/user.slice/user-1000.slice/session-1.scope/cpu.max
2025-09-18 23:40:37,759 INFO [WARNING] Cgroup v2 file missing for session-13.scope: /sys/fs/cgroup/user.slice/user-1000.slice/session-13.scope/cpu.max
2025-09-18 23:40:37,760 INFO [WARNING] Skipping init.scope: missing cpu.max
2025-09-18 23:40:37,760 INFO [WARNING] Skipping session-2.scope: missing cpu.max
2025-09-18 23:40:37,760 INFO [WARNING] Skipping session-467.scope: missing cpu.max
2025-09-18 23:40:37,760 INFO [WARNING] Skipping session-468.scope: missing cpu.max
2025-09-18 23:40:37,760 INFO [WARNING] Skipping session-1.scope: missing cpu.max
2025-09-18 23:40:37,760 INFO [WARNING] Skipping session-13.scope: missing cpu.max
2025-09-18 23:40:37,760 INFO At t=1408546.631358272 docker-2c33733f0ca9fc25b8bb24d1aa0287e7f2db80bf0443edf5a54ce6a22f1c8dfc.scope error 'cpu_stat.throttled_time'
2025-09-18 23:40:37,760 INFO At t=1408546.631358272 cri-containerd-4c96bcb9ea5c3df6153fb2e276cb877bc294d0f0408088d0ad24f9b297426d00.scope error 'cpu_stat.throttled_time'
2025-09-18 23:40:37,761 INFO At t=1408546.631358272 cri-containerd-d4e908f069f96800cb5fed7d11cfc647885739658c62e7fdea5db22b327a11a4.scope error 'cpu_stat.throttled_time'
2025-09-18 23:40:37,761 INFO At t=1408546.631358272 docker-d9cf6ebc715d830fa464165ed6316a76e8c2b0cd5bfb673c8033f8269f9c9188.scope error 'cpu_stat.throttled_time'
2025-09-18 23:40:37,761 INFO At t=1408546.631358272 cri-containerd-dc0571845d4f8a279459c8749c12c4888be6b92fbd178da224f04470d5fa9579.scope error 'cpu_stat.throttled_time'
2025-09-18 23:40:37,761 INFO mean=0.0000, std=0.0000, Target core for docke=0.0000
2025-09-18 23:40:37,761 INFO mean=0.0000, std=0.0000, Target core for cri-c=0.0000
2025-09-18 23:40:37,761 INFO mean=0.0006, std=0.0011, Target core for cri-c=0.0075
2025-09-18 23:40:37,762 INFO At t=1408546.6314, cri-c, curr. spread=0.0038, obs. spread=0.0038, len=10, thresh=0.0006, last_scale_diff=0.5208
2025-09-18 23:40:37,762 INFO At t=1408546.631358272, dts=[0.0, 0.0, 0.0, 0.0, 0.0, 0.0, 0.002818999999931293, 0.0025530000000344444, 0.00022200000000793807, 0.0], mu=0.0006, std=0.0011
2025-09-18 23:40:37,762 INFO mean=0.0000, std=0.0000, Target core for docke=0.0000
2025-09-18 23:40:37,762 INFO mean=0.0000, std=0.0000, Target core for cri-c=0.0000
2025-09-18 23:40:37,762 INFO At 1408546.6517 sleeping for 0.5000 sec ...
2025-09-18 23:40:38,263 INFO At 1408547.1517 woke up
2025-09-18 23:40:38,279 INFO [WARNING] Cgroup v2 file missing for init.scope: /sys/fs/cgroup/user.slice/user-1000.slice/user@1000.service/init.scope/cpu.max
2025-09-18 23:40:38,279 INFO [WARNING] Cgroup v2 file missing for session-2.scope: /sys/fs/cgroup/user.slice/user-1000.slice/session-2.scope/cpu.max
2025-09-18 23:40:38,279 INFO [WARNING] Cgroup v2 file missing for session-467.scope: /sys/fs/cgroup/user.slice/user-1000.slice/session-467.scope/cpu.max
2025-09-18 23:40:38,279 INFO [WARNING] Cgroup v2 file missing for session-468.scope: /sys/fs/cgroup/user.slice/user-1000.slice/session-468.scope/cpu.max
2025-09-18 23:40:38,279 INFO [WARNING] Cgroup v2 file missing for session-1.scope: /sys/fs/cgroup/user.slice/user-1000.slice/session-1.scope/cpu.max
2025-09-18 23:40:38,280 INFO [WARNING] Cgroup v2 file missing for session-13.scope: /sys/fs/cgroup/user.slice/user-1000.slice/session-13.scope/cpu.max
2025-09-18 23:40:38,280 INFO [WARNING] Skipping init.scope: missing cpu.max
2025-09-18 23:40:38,280 INFO [WARNING] Skipping session-2.scope: missing cpu.max
2025-09-18 23:40:38,280 INFO [WARNING] Skipping session-467.scope: missing cpu.max
2025-09-18 23:40:38,280 INFO [WARNING] Skipping session-468.scope: missing cpu.max
2025-09-18 23:40:38,280 INFO [WARNING] Skipping session-1.scope: missing cpu.max
2025-09-18 23:40:38,280 INFO [WARNING] Skipping session-13.scope: missing cpu.max
2025-09-18 23:40:38,281 INFO At t=1408547.151698639 docker-2c33733f0ca9fc25b8bb24d1aa0287e7f2db80bf0443edf5a54ce6a22f1c8dfc.scope error 'cpu_stat.throttled_time'
2025-09-18 23:40:38,281 INFO At t=1408547.151698639 cri-containerd-4c96bcb9ea5c3df6153fb2e276cb877bc294d0f0408088d0ad24f9b297426d00.scope error 'cpu_stat.throttled_time'
2025-09-18 23:40:38,281 INFO At t=1408547.151698639 cri-containerd-d4e908f069f96800cb5fed7d11cfc647885739658c62e7fdea5db22b327a11a4.scope error 'cpu_stat.throttled_time'
2025-09-18 23:40:38,281 INFO At t=1408547.151698639 docker-d9cf6ebc715d830fa464165ed6316a76e8c2b0cd5bfb673c8033f8269f9c9188.scope error 'cpu_stat.throttled_time'
2025-09-18 23:40:38,281 INFO At t=1408547.151698639 cri-containerd-dc0571845d4f8a279459c8749c12c4888be6b92fbd178da224f04470d5fa9579.scope error 'cpu_stat.throttled_time'
2025-09-18 23:40:38,281 INFO mean=0.0000, std=0.0000, Target core for docke=0.0000
2025-09-18 23:40:38,281 INFO mean=0.0000, std=0.0000, Target core for cri-c=0.0000
2025-09-18 23:40:38,282 INFO mean=0.0006, std=0.0011, Target core for cri-c=0.0075
2025-09-18 23:40:38,282 INFO At t=1408547.1517, cri-c, curr. spread=0.0038, obs. spread=0.0038, len=10, thresh=0.0006, last_scale_diff=1.0411
2025-09-18 23:40:38,282 INFO At t=1408547.151698639, dts=[0.0, 0.0, 0.0, 0.0, 0.0, 0.002818999999931293, 0.0025530000000344444, 0.00022200000000793807, 0.0, 0.0], mu=0.0006, std=0.0011
2025-09-18 23:40:38,282 INFO mean=0.0000, std=0.0000, Target core for docke=0.0000
2025-09-18 23:40:38,282 INFO mean=0.0000, std=0.0000, Target core for cri-c=0.0000
2025-09-18 23:40:38,282 INFO At 1408547.1719 sleeping for 0.5000 sec ...
2025-09-18 23:40:38,783 INFO At 1408547.6719 woke up
2025-09-18 23:40:38,799 INFO [WARNING] Cgroup v2 file missing for init.scope: /sys/fs/cgroup/user.slice/user-1000.slice/user@1000.service/init.scope/cpu.max
2025-09-18 23:40:38,799 INFO [WARNING] Cgroup v2 file missing for session-2.scope: /sys/fs/cgroup/user.slice/user-1000.slice/session-2.scope/cpu.max
2025-09-18 23:40:38,800 INFO [WARNING] Cgroup v2 file missing for session-467.scope: /sys/fs/cgroup/user.slice/user-1000.slice/session-467.scope/cpu.max
2025-09-18 23:40:38,800 INFO [WARNING] Cgroup v2 file missing for session-468.scope: /sys/fs/cgroup/user.slice/user-1000.slice/session-468.scope/cpu.max
2025-09-18 23:40:38,800 INFO [WARNING] Cgroup v2 file missing for session-1.scope: /sys/fs/cgroup/user.slice/user-1000.slice/session-1.scope/cpu.max
2025-09-18 23:40:38,800 INFO [WARNING] Cgroup v2 file missing for session-13.scope: /sys/fs/cgroup/user.slice/user-1000.slice/session-13.scope/cpu.max
2025-09-18 23:40:38,800 INFO [WARNING] Skipping init.scope: missing cpu.max
2025-09-18 23:40:38,800 INFO [WARNING] Skipping session-2.scope: missing cpu.max
2025-09-18 23:40:38,800 INFO [WARNING] Skipping session-467.scope: missing cpu.max
2025-09-18 23:40:38,800 INFO [WARNING] Skipping session-468.scope: missing cpu.max
2025-09-18 23:40:38,800 INFO [WARNING] Skipping session-1.scope: missing cpu.max
2025-09-18 23:40:38,800 INFO [WARNING] Skipping session-13.scope: missing cpu.max
2025-09-18 23:40:38,801 INFO At t=1408547.671891425 docker-2c33733f0ca9fc25b8bb24d1aa0287e7f2db80bf0443edf5a54ce6a22f1c8dfc.scope error 'cpu_stat.throttled_time'
2025-09-18 23:40:38,801 INFO At t=1408547.671891425 cri-containerd-4c96bcb9ea5c3df6153fb2e276cb877bc294d0f0408088d0ad24f9b297426d00.scope error 'cpu_stat.throttled_time'
2025-09-18 23:40:38,801 INFO At t=1408547.671891425 cri-containerd-d4e908f069f96800cb5fed7d11cfc647885739658c62e7fdea5db22b327a11a4.scope error 'cpu_stat.throttled_time'
2025-09-18 23:40:38,801 INFO At t=1408547.671891425 docker-d9cf6ebc715d830fa464165ed6316a76e8c2b0cd5bfb673c8033f8269f9c9188.scope error 'cpu_stat.throttled_time'
2025-09-18 23:40:38,801 INFO At t=1408547.671891425 cri-containerd-dc0571845d4f8a279459c8749c12c4888be6b92fbd178da224f04470d5fa9579.scope error 'cpu_stat.throttled_time'
2025-09-18 23:40:38,802 INFO mean=0.0000, std=0.0000, Target core for docke=0.0000
2025-09-18 23:40:38,802 INFO mean=0.0000, std=0.0000, Target core for cri-c=0.0000
2025-09-18 23:40:38,802 INFO mean=0.0007, std=0.0011, Target core for cri-c=0.0076
2025-09-18 23:40:38,802 INFO At t=1408547.6719, cri-c, curr. spread=0.0038, obs. spread=0.0038, len=10, thresh=0.0006, last_scale_diff=1.5613
2025-09-18 23:40:38,802 INFO At t=1408547.671891425, dts=[0.0, 0.0, 0.0, 0.0, 0.002818999999931293, 0.0025530000000344444, 0.00022200000000793807, 0.0, 0.0, 0.0009249999999383363], mu=0.0007, std=0.0011
2025-09-18 23:40:38,802 INFO mean=0.0000, std=0.0000, Target core for docke=0.0000
2025-09-18 23:40:38,803 INFO mean=0.0000, std=0.0000, Target core for cri-c=0.0000
2025-09-18 23:40:38,803 INFO At 1408547.6923 sleeping for 0.5000 sec ...
2025-09-18 23:40:39,303 INFO At 1408548.1923 woke up
2025-09-18 23:40:39,319 INFO [WARNING] Cgroup v2 file missing for init.scope: /sys/fs/cgroup/user.slice/user-1000.slice/user@1000.service/init.scope/cpu.max
2025-09-18 23:40:39,320 INFO [WARNING] Cgroup v2 file missing for session-2.scope: /sys/fs/cgroup/user.slice/user-1000.slice/session-2.scope/cpu.max
2025-09-18 23:40:39,320 INFO [WARNING] Cgroup v2 file missing for session-467.scope: /sys/fs/cgroup/user.slice/user-1000.slice/session-467.scope/cpu.max
2025-09-18 23:40:39,320 INFO [WARNING] Cgroup v2 file missing for session-468.scope: /sys/fs/cgroup/user.slice/user-1000.slice/session-468.scope/cpu.max
2025-09-18 23:40:39,320 INFO [WARNING] Cgroup v2 file missing for session-1.scope: /sys/fs/cgroup/user.slice/user-1000.slice/session-1.scope/cpu.max
2025-09-18 23:40:39,320 INFO [WARNING] Cgroup v2 file missing for session-13.scope: /sys/fs/cgroup/user.slice/user-1000.slice/session-13.scope/cpu.max
2025-09-18 23:40:39,320 INFO [WARNING] Skipping init.scope: missing cpu.max
2025-09-18 23:40:39,320 INFO [WARNING] Skipping session-2.scope: missing cpu.max
2025-09-18 23:40:39,321 INFO [WARNING] Skipping session-467.scope: missing cpu.max
2025-09-18 23:40:39,321 INFO [WARNING] Skipping session-468.scope: missing cpu.max
2025-09-18 23:40:39,321 INFO [WARNING] Skipping session-1.scope: missing cpu.max
2025-09-18 23:40:39,321 INFO [WARNING] Skipping session-13.scope: missing cpu.max
2025-09-18 23:40:39,321 INFO At t=1408548.192285282 docker-2c33733f0ca9fc25b8bb24d1aa0287e7f2db80bf0443edf5a54ce6a22f1c8dfc.scope error 'cpu_stat.throttled_time'
2025-09-18 23:40:39,321 INFO At t=1408548.192285282 cri-containerd-4c96bcb9ea5c3df6153fb2e276cb877bc294d0f0408088d0ad24f9b297426d00.scope error 'cpu_stat.throttled_time'
2025-09-18 23:40:39,321 INFO At t=1408548.192285282 cri-containerd-d4e908f069f96800cb5fed7d11cfc647885739658c62e7fdea5db22b327a11a4.scope error 'cpu_stat.throttled_time'
2025-09-18 23:40:39,321 INFO At t=1408548.192285282 docker-d9cf6ebc715d830fa464165ed6316a76e8c2b0cd5bfb673c8033f8269f9c9188.scope error 'cpu_stat.throttled_time'
2025-09-18 23:40:39,322 INFO At t=1408548.192285282 cri-containerd-dc0571845d4f8a279459c8749c12c4888be6b92fbd178da224f04470d5fa9579.scope error 'cpu_stat.throttled_time'
2025-09-18 23:40:39,322 INFO mean=0.0000, std=0.0000, Target core for docke=0.0000
2025-09-18 23:40:39,322 INFO mean=0.0000, std=0.0000, Target core for cri-c=0.0000
2025-09-18 23:40:39,322 INFO mean=0.0007, std=0.0011, Target core for cri-c=0.0076
2025-09-18 23:40:39,322 INFO At t=1408548.1923, cri-c, curr. spread=0.0038, obs. spread=0.0038, len=10, thresh=0.0006, last_scale_diff=2.0817
2025-09-18 23:40:39,322 INFO At t=1408548.192285282, dts=[0.0, 0.0, 0.0, 0.002818999999931293, 0.0025530000000344444, 0.00022200000000793807, 0.0, 0.0, 0.0009249999999383363, 0.0], mu=0.0007, std=0.0011
2025-09-18 23:40:39,323 INFO mean=0.0000, std=0.0000, Target core for docke=0.0000
2025-09-18 23:40:39,323 INFO mean=0.0000, std=0.0000, Target core for cri-c=0.0000
2025-09-18 23:40:39,323 INFO At 1408548.2125 sleeping for 0.5000 sec ...
2025-09-18 23:40:39,824 INFO At 1408548.7125 woke up
2025-09-18 23:40:39,840 INFO [WARNING] Cgroup v2 file missing for init.scope: /sys/fs/cgroup/user.slice/user-1000.slice/user@1000.service/init.scope/cpu.max
2025-09-18 23:40:39,840 INFO [WARNING] Cgroup v2 file missing for session-2.scope: /sys/fs/cgroup/user.slice/user-1000.slice/session-2.scope/cpu.max
2025-09-18 23:40:39,840 INFO [WARNING] Cgroup v2 file missing for session-467.scope: /sys/fs/cgroup/user.slice/user-1000.slice/session-467.scope/cpu.max
2025-09-18 23:40:39,840 INFO [WARNING] Cgroup v2 file missing for session-468.scope: /sys/fs/cgroup/user.slice/user-1000.slice/session-468.scope/cpu.max
2025-09-18 23:40:39,840 INFO [WARNING] Cgroup v2 file missing for session-1.scope: /sys/fs/cgroup/user.slice/user-1000.slice/session-1.scope/cpu.max
2025-09-18 23:40:39,841 INFO [WARNING] Cgroup v2 file missing for session-13.scope: /sys/fs/cgroup/user.slice/user-1000.slice/session-13.scope/cpu.max
2025-09-18 23:40:39,841 INFO [WARNING] Skipping init.scope: missing cpu.max
2025-09-18 23:40:39,841 INFO [WARNING] Skipping session-2.scope: missing cpu.max
2025-09-18 23:40:39,841 INFO [WARNING] Skipping session-467.scope: missing cpu.max
2025-09-18 23:40:39,841 INFO [WARNING] Skipping session-468.scope: missing cpu.max
2025-09-18 23:40:39,841 INFO [WARNING] Skipping session-1.scope: missing cpu.max
2025-09-18 23:40:39,841 INFO [WARNING] Skipping session-13.scope: missing cpu.max
2025-09-18 23:40:39,842 INFO At t=1408548.7125191 docker-2c33733f0ca9fc25b8bb24d1aa0287e7f2db80bf0443edf5a54ce6a22f1c8dfc.scope error 'cpu_stat.throttled_time'
2025-09-18 23:40:39,842 INFO At t=1408548.7125191 cri-containerd-4c96bcb9ea5c3df6153fb2e276cb877bc294d0f0408088d0ad24f9b297426d00.scope error 'cpu_stat.throttled_time'
2025-09-18 23:40:39,842 INFO At t=1408548.7125191 cri-containerd-d4e908f069f96800cb5fed7d11cfc647885739658c62e7fdea5db22b327a11a4.scope error 'cpu_stat.throttled_time'
2025-09-18 23:40:39,842 INFO At t=1408548.7125191 docker-d9cf6ebc715d830fa464165ed6316a76e8c2b0cd5bfb673c8033f8269f9c9188.scope error 'cpu_stat.throttled_time'
2025-09-18 23:40:39,842 INFO At t=1408548.7125191 cri-containerd-dc0571845d4f8a279459c8749c12c4888be6b92fbd178da224f04470d5fa9579.scope error 'cpu_stat.throttled_time'
2025-09-18 23:40:39,842 INFO mean=0.0000, std=0.0000, Target core for docke=0.0000
2025-09-18 23:40:39,842 INFO mean=0.0000, std=0.0000, Target core for cri-c=0.0000
2025-09-18 23:40:39,843 INFO mean=0.0007, std=0.0011, Target core for cri-c=0.0076
2025-09-18 23:40:39,843 INFO At t=1408548.7125, cri-c, curr. spread=0.0038, obs. spread=0.0038, len=10, thresh=0.0006, last_scale_diff=2.6019
2025-09-18 23:40:39,843 INFO At t=1408548.7125191, dts=[0.0, 0.0, 0.002818999999931293, 0.0025530000000344444, 0.00022200000000793807, 0.0, 0.0, 0.0009249999999383363, 0.0, 0.0], mu=0.0007, std=0.0011
2025-09-18 23:40:39,843 INFO mean=0.0000, std=0.0000, Target core for docke=0.0000
2025-09-18 23:40:39,843 INFO mean=0.0000, std=0.0000, Target core for cri-c=0.0000
2025-09-18 23:40:39,843 INFO At 1408548.7329 sleeping for 0.5000 sec ...
2025-09-18 23:40:40,344 INFO At 1408549.2329 woke up
2025-09-18 23:40:40,360 INFO [WARNING] Cgroup v2 file missing for init.scope: /sys/fs/cgroup/user.slice/user-1000.slice/user@1000.service/init.scope/cpu.max
2025-09-18 23:40:40,360 INFO [WARNING] Cgroup v2 file missing for session-2.scope: /sys/fs/cgroup/user.slice/user-1000.slice/session-2.scope/cpu.max
2025-09-18 23:40:40,361 INFO [WARNING] Cgroup v2 file missing for session-467.scope: /sys/fs/cgroup/user.slice/user-1000.slice/session-467.scope/cpu.max
2025-09-18 23:40:40,361 INFO [WARNING] Cgroup v2 file missing for session-468.scope: /sys/fs/cgroup/user.slice/user-1000.slice/session-468.scope/cpu.max
2025-09-18 23:40:40,361 INFO [WARNING] Cgroup v2 file missing for session-1.scope: /sys/fs/cgroup/user.slice/user-1000.slice/session-1.scope/cpu.max
2025-09-18 23:40:40,361 INFO [WARNING] Cgroup v2 file missing for session-13.scope: /sys/fs/cgroup/user.slice/user-1000.slice/session-13.scope/cpu.max
2025-09-18 23:40:40,361 INFO [WARNING] Skipping init.scope: missing cpu.max
2025-09-18 23:40:40,361 INFO [WARNING] Skipping session-2.scope: missing cpu.max
2025-09-18 23:40:40,361 INFO [WARNING] Skipping session-467.scope: missing cpu.max
2025-09-18 23:40:40,361 INFO [WARNING] Skipping session-468.scope: missing cpu.max
2025-09-18 23:40:40,361 INFO [WARNING] Skipping session-1.scope: missing cpu.max
2025-09-18 23:40:40,361 INFO [WARNING] Skipping session-13.scope: missing cpu.max
2025-09-18 23:40:40,362 INFO At t=1408549.232902917 docker-2c33733f0ca9fc25b8bb24d1aa0287e7f2db80bf0443edf5a54ce6a22f1c8dfc.scope error 'cpu_stat.throttled_time'
2025-09-18 23:40:40,362 INFO At t=1408549.232902917 cri-containerd-4c96bcb9ea5c3df6153fb2e276cb877bc294d0f0408088d0ad24f9b297426d00.scope error 'cpu_stat.throttled_time'
2025-09-18 23:40:40,362 INFO At t=1408549.232902917 cri-containerd-d4e908f069f96800cb5fed7d11cfc647885739658c62e7fdea5db22b327a11a4.scope error 'cpu_stat.throttled_time'
2025-09-18 23:40:40,362 INFO At t=1408549.232902917 docker-d9cf6ebc715d830fa464165ed6316a76e8c2b0cd5bfb673c8033f8269f9c9188.scope error 'cpu_stat.throttled_time'
2025-09-18 23:40:40,362 INFO At t=1408549.232902917 cri-containerd-dc0571845d4f8a279459c8749c12c4888be6b92fbd178da224f04470d5fa9579.scope error 'cpu_stat.throttled_time'
2025-09-18 23:40:40,363 INFO mean=0.0000, std=0.0000, Target core for docke=0.0000
2025-09-18 23:40:40,363 INFO mean=0.0000, std=0.0000, Target core for cri-c=0.0000
2025-09-18 23:40:40,363 INFO mean=0.0007, std=0.0011, Target core for cri-c=0.0076
2025-09-18 23:40:40,363 INFO At t=1408549.2329, cri-c, curr. spread=0.0038, obs. spread=0.0038, len=10, thresh=0.0006, last_scale_diff=3.1223
2025-09-18 23:40:40,364 INFO At t=1408549.232902917, dts=[0.0, 0.002818999999931293, 0.0025530000000344444, 0.00022200000000793807, 0.0, 0.0, 0.0009249999999383363, 0.0, 0.0, 0.0], mu=0.0007, std=0.0011
2025-09-18 23:40:40,364 INFO mean=0.0000, std=0.0000, Target core for docke=0.0000
2025-09-18 23:40:40,364 INFO mean=0.0000, std=0.0000, Target core for cri-c=0.0000
2025-09-18 23:40:40,364 INFO At 1408549.2537 sleeping for 0.5000 sec ...
2025-09-18 23:40:40,865 INFO At 1408549.7537 woke up
2025-09-18 23:40:40,881 INFO [WARNING] Cgroup v2 file missing for init.scope: /sys/fs/cgroup/user.slice/user-1000.slice/user@1000.service/init.scope/cpu.max
2025-09-18 23:40:40,881 INFO [WARNING] Cgroup v2 file missing for session-2.scope: /sys/fs/cgroup/user.slice/user-1000.slice/session-2.scope/cpu.max
2025-09-18 23:40:40,881 INFO [WARNING] Cgroup v2 file missing for session-467.scope: /sys/fs/cgroup/user.slice/user-1000.slice/session-467.scope/cpu.max
2025-09-18 23:40:40,881 INFO [WARNING] Cgroup v2 file missing for session-468.scope: /sys/fs/cgroup/user.slice/user-1000.slice/session-468.scope/cpu.max
2025-09-18 23:40:40,881 INFO [WARNING] Cgroup v2 file missing for session-1.scope: /sys/fs/cgroup/user.slice/user-1000.slice/session-1.scope/cpu.max
2025-09-18 23:40:40,882 INFO [WARNING] Cgroup v2 file missing for session-13.scope: /sys/fs/cgroup/user.slice/user-1000.slice/session-13.scope/cpu.max
2025-09-18 23:40:40,882 INFO [WARNING] Skipping init.scope: missing cpu.max
2025-09-18 23:40:40,882 INFO [WARNING] Skipping session-2.scope: missing cpu.max
2025-09-18 23:40:40,882 INFO [WARNING] Skipping session-467.scope: missing cpu.max
2025-09-18 23:40:40,882 INFO [WARNING] Skipping session-468.scope: missing cpu.max
2025-09-18 23:40:40,882 INFO [WARNING] Skipping session-1.scope: missing cpu.max
2025-09-18 23:40:40,882 INFO [WARNING] Skipping session-13.scope: missing cpu.max
2025-09-18 23:40:40,882 INFO At t=1408549.753681052 docker-2c33733f0ca9fc25b8bb24d1aa0287e7f2db80bf0443edf5a54ce6a22f1c8dfc.scope error 'cpu_stat.throttled_time'
2025-09-18 23:40:40,883 INFO At t=1408549.753681052 cri-containerd-4c96bcb9ea5c3df6153fb2e276cb877bc294d0f0408088d0ad24f9b297426d00.scope error 'cpu_stat.throttled_time'
2025-09-18 23:40:40,883 INFO At t=1408549.753681052 cri-containerd-d4e908f069f96800cb5fed7d11cfc647885739658c62e7fdea5db22b327a11a4.scope error 'cpu_stat.throttled_time'
2025-09-18 23:40:40,883 INFO At t=1408549.753681052 docker-d9cf6ebc715d830fa464165ed6316a76e8c2b0cd5bfb673c8033f8269f9c9188.scope error 'cpu_stat.throttled_time'
2025-09-18 23:40:40,883 INFO At t=1408549.753681052 cri-containerd-dc0571845d4f8a279459c8749c12c4888be6b92fbd178da224f04470d5fa9579.scope error 'cpu_stat.throttled_time'
2025-09-18 23:40:40,883 INFO mean=0.0000, std=0.0000, Target core for docke=0.0000
2025-09-18 23:40:40,883 INFO mean=0.0000, std=0.0000, Target core for cri-c=0.0000
2025-09-18 23:40:40,884 INFO mean=0.0007, std=0.0010, Target core for cri-c=0.0076
2025-09-18 23:40:40,884 INFO At t=1408549.7537, cri-c, curr. spread=0.0038, obs. spread=0.0038, len=10, thresh=0.0006, last_scale_diff=3.6431
2025-09-18 23:40:40,884 INFO At t=1408549.753681052, dts=[0.002818999999931293, 0.0025530000000344444, 0.00022200000000793807, 0.0, 0.0, 0.0009249999999383363, 0.0, 0.0, 0.0, 0.0002910000000611035], mu=0.0007, std=0.0010
2025-09-18 23:40:40,884 INFO mean=0.0000, std=0.0000, Target core for docke=0.0000
2025-09-18 23:40:40,884 INFO mean=0.0000, std=0.0000, Target core for cri-c=0.0000
2025-09-18 23:40:40,884 INFO At 1408549.7738 sleeping for 0.5000 sec ...
2025-09-18 23:40:41,385 INFO At 1408550.2738 woke up
2025-09-18 23:40:41,401 INFO [WARNING] Cgroup v2 file missing for init.scope: /sys/fs/cgroup/user.slice/user-1000.slice/user@1000.service/init.scope/cpu.max
2025-09-18 23:40:41,401 INFO [WARNING] Cgroup v2 file missing for session-2.scope: /sys/fs/cgroup/user.slice/user-1000.slice/session-2.scope/cpu.max
2025-09-18 23:40:41,401 INFO [WARNING] Cgroup v2 file missing for session-467.scope: /sys/fs/cgroup/user.slice/user-1000.slice/session-467.scope/cpu.max
2025-09-18 23:40:41,402 INFO [WARNING] Cgroup v2 file missing for session-468.scope: /sys/fs/cgroup/user.slice/user-1000.slice/session-468.scope/cpu.max
2025-09-18 23:40:41,402 INFO [WARNING] Cgroup v2 file missing for session-1.scope: /sys/fs/cgroup/user.slice/user-1000.slice/session-1.scope/cpu.max
2025-09-18 23:40:41,402 INFO [WARNING] Cgroup v2 file missing for session-13.scope: /sys/fs/cgroup/user.slice/user-1000.slice/session-13.scope/cpu.max
2025-09-18 23:40:41,402 INFO [WARNING] Skipping init.scope: missing cpu.max
2025-09-18 23:40:41,402 INFO [WARNING] Skipping session-2.scope: missing cpu.max
2025-09-18 23:40:41,402 INFO [WARNING] Skipping session-467.scope: missing cpu.max
2025-09-18 23:40:41,402 INFO [WARNING] Skipping session-468.scope: missing cpu.max
2025-09-18 23:40:41,402 INFO [WARNING] Skipping session-1.scope: missing cpu.max
2025-09-18 23:40:41,402 INFO [WARNING] Skipping session-13.scope: missing cpu.max
2025-09-18 23:40:41,403 INFO At t=1408550.273791476 docker-2c33733f0ca9fc25b8bb24d1aa0287e7f2db80bf0443edf5a54ce6a22f1c8dfc.scope error 'cpu_stat.throttled_time'
2025-09-18 23:40:41,403 INFO At t=1408550.273791476 cri-containerd-4c96bcb9ea5c3df6153fb2e276cb877bc294d0f0408088d0ad24f9b297426d00.scope error 'cpu_stat.throttled_time'
2025-09-18 23:40:41,403 INFO At t=1408550.273791476 cri-containerd-d4e908f069f96800cb5fed7d11cfc647885739658c62e7fdea5db22b327a11a4.scope error 'cpu_stat.throttled_time'
2025-09-18 23:40:41,403 INFO At t=1408550.273791476 docker-d9cf6ebc715d830fa464165ed6316a76e8c2b0cd5bfb673c8033f8269f9c9188.scope error 'cpu_stat.throttled_time'
2025-09-18 23:40:41,403 INFO At t=1408550.273791476 cri-containerd-dc0571845d4f8a279459c8749c12c4888be6b92fbd178da224f04470d5fa9579.scope error 'cpu_stat.throttled_time'
2025-09-18 23:40:41,403 INFO mean=0.0000, std=0.0000, Target core for docke=0.0000
2025-09-18 23:40:41,404 INFO mean=0.0000, std=0.0000, Target core for cri-c=0.0000
2025-09-18 23:40:41,404 INFO mean=0.0004, std=0.0008, Target core for cri-c=0.0054
2025-09-18 23:40:41,404 INFO At t=1408550.2738, cri-c, curr. spread=0.0038, obs. spread=0.0027, len=10, thresh=0.0006, last_scale_diff=4.1632
2025-09-18 23:40:41,404 INFO At t=1408550.273791476, dts=[0.0025530000000344444, 0.00022200000000793807, 0.0, 0.0, 0.0009249999999383363, 0.0, 0.0, 0.0, 0.0002910000000611035, 0.0], mu=0.0004, std=0.0008
2025-09-18 23:40:41,404 INFO [DEBUG] Found cgroup file: /sys/fs/cgroup/kubepods.slice/kubepods-besteffort.slice/kubepods-besteffort-pod9e7598a9_9f3d_4d31_997c_2aca02cd8561.slice/cri-containerd-d4e908f069f96800cb5fed7d11cfc647885739658c62e7fdea5db22b327a11a4.scope/cpu.max
2025-09-18 23:40:41,405 INFO 2025-09-18 23:40:41.405045 Written cpu.max=1000 100000 to name=cri-containerd-d4e908f069f96800cb5fed7d11cfc647885739658c62e7fdea5db22b327a11a4.scope,(node,pod,container_id)=/sys/fs/cgroup/kubepods.slice/kubepods-besteffort.slice/kubepods-besteffort-pod9e7598a9_9f3d_4d31_997c_2aca02cd8561.slice/cri-containerd-d4e908f069f96800cb5fed7d11cfc647885739658c62e7fdea5db22b327a11a4.scope
2025-09-18 23:40:41,405 INFO mean=0.0000, std=0.0000, Target core for docke=0.0000
2025-09-18 23:40:41,405 INFO mean=0.0000, std=0.0000, Target core for cri-c=0.0000
2025-09-18 23:40:41,405 INFO At 1408550.2948 sleeping for 0.5000 sec ...
2025-09-18 23:40:41,906 INFO At 1408550.7948 woke up
2025-09-18 23:40:41,922 INFO [WARNING] Cgroup v2 file missing for init.scope: /sys/fs/cgroup/user.slice/user-1000.slice/user@1000.service/init.scope/cpu.max
2025-09-18 23:40:41,922 INFO [WARNING] Cgroup v2 file missing for session-2.scope: /sys/fs/cgroup/user.slice/user-1000.slice/session-2.scope/cpu.max
2025-09-18 23:40:41,922 INFO [WARNING] Cgroup v2 file missing for session-467.scope: /sys/fs/cgroup/user.slice/user-1000.slice/session-467.scope/cpu.max
2025-09-18 23:40:41,923 INFO [WARNING] Cgroup v2 file missing for session-468.scope: /sys/fs/cgroup/user.slice/user-1000.slice/session-468.scope/cpu.max
2025-09-18 23:40:41,923 INFO [WARNING] Cgroup v2 file missing for session-1.scope: /sys/fs/cgroup/user.slice/user-1000.slice/session-1.scope/cpu.max
2025-09-18 23:40:41,923 INFO [WARNING] Cgroup v2 file missing for session-13.scope: /sys/fs/cgroup/user.slice/user-1000.slice/session-13.scope/cpu.max
2025-09-18 23:40:41,923 INFO [WARNING] Skipping init.scope: missing cpu.max
2025-09-18 23:40:41,923 INFO [WARNING] Skipping session-2.scope: missing cpu.max
2025-09-18 23:40:41,923 INFO [WARNING] Skipping session-467.scope: missing cpu.max
2025-09-18 23:40:41,923 INFO [WARNING] Skipping session-468.scope: missing cpu.max
2025-09-18 23:40:41,923 INFO [WARNING] Skipping session-1.scope: missing cpu.max
2025-09-18 23:40:41,923 INFO [WARNING] Skipping session-13.scope: missing cpu.max
2025-09-18 23:40:41,924 INFO At t=1408550.794767493 docker-2c33733f0ca9fc25b8bb24d1aa0287e7f2db80bf0443edf5a54ce6a22f1c8dfc.scope error 'cpu_stat.throttled_time'
2025-09-18 23:40:41,924 INFO At t=1408550.794767493 cri-containerd-4c96bcb9ea5c3df6153fb2e276cb877bc294d0f0408088d0ad24f9b297426d00.scope error 'cpu_stat.throttled_time'
2025-09-18 23:40:41,924 INFO At t=1408550.794767493 cri-containerd-d4e908f069f96800cb5fed7d11cfc647885739658c62e7fdea5db22b327a11a4.scope error 'cpu_stat.throttled_time'
2025-09-18 23:40:41,924 INFO At t=1408550.794767493 docker-d9cf6ebc715d830fa464165ed6316a76e8c2b0cd5bfb673c8033f8269f9c9188.scope error 'cpu_stat.throttled_time'
2025-09-18 23:40:41,924 INFO At t=1408550.794767493 cri-containerd-dc0571845d4f8a279459c8749c12c4888be6b92fbd178da224f04470d5fa9579.scope error 'cpu_stat.throttled_time'
2025-09-18 23:40:41,924 INFO mean=0.0000, std=0.0000, Target core for docke=0.0000
2025-09-18 23:40:41,925 INFO mean=0.0000, std=0.0000, Target core for cri-c=0.0000
2025-09-18 23:40:41,925 INFO mean=0.0001, std=0.0003, Target core for cri-c=0.0020
2025-09-18 23:40:41,925 INFO At t=1408550.7948, cri-c, curr. spread=0.0027, obs. spread=0.0010, len=10, thresh=0.0004, last_scale_diff=0.5210
2025-09-18 23:40:41,925 INFO At t=1408550.794767493, dts=[0.00022200000000793807, 0.0, 0.0, 0.0009249999999383363, 0.0, 0.0, 0.0, 0.0002910000000611035, 0.0, 0.0], mu=0.0001, std=0.0003
2025-09-18 23:40:41,925 INFO mean=0.0000, std=0.0000, Target core for docke=0.0000
2025-09-18 23:40:41,926 INFO mean=0.0000, std=0.0000, Target core for cri-c=0.0000
2025-09-18 23:40:41,926 INFO At 1408550.8151 sleeping for 0.5000 sec ...
2025-09-18 23:40:42,426 INFO At 1408551.3151 woke up
2025-09-18 23:40:42,442 INFO [WARNING] Cgroup v2 file missing for init.scope: /sys/fs/cgroup/user.slice/user-1000.slice/user@1000.service/init.scope/cpu.max
2025-09-18 23:40:42,442 INFO [WARNING] Cgroup v2 file missing for session-2.scope: /sys/fs/cgroup/user.slice/user-1000.slice/session-2.scope/cpu.max
2025-09-18 23:40:42,443 INFO [WARNING] Cgroup v2 file missing for session-467.scope: /sys/fs/cgroup/user.slice/user-1000.slice/session-467.scope/cpu.max
2025-09-18 23:40:42,443 INFO [WARNING] Cgroup v2 file missing for session-468.scope: /sys/fs/cgroup/user.slice/user-1000.slice/session-468.scope/cpu.max
2025-09-18 23:40:42,443 INFO [WARNING] Cgroup v2 file missing for session-1.scope: /sys/fs/cgroup/user.slice/user-1000.slice/session-1.scope/cpu.max
2025-09-18 23:40:42,443 INFO [WARNING] Cgroup v2 file missing for session-13.scope: /sys/fs/cgroup/user.slice/user-1000.slice/session-13.scope/cpu.max
2025-09-18 23:40:42,443 INFO [WARNING] Skipping init.scope: missing cpu.max
2025-09-18 23:40:42,443 INFO [WARNING] Skipping session-2.scope: missing cpu.max
2025-09-18 23:40:42,443 INFO [WARNING] Skipping session-467.scope: missing cpu.max
2025-09-18 23:40:42,443 INFO [WARNING] Skipping session-468.scope: missing cpu.max
2025-09-18 23:40:42,443 INFO [WARNING] Skipping session-1.scope: missing cpu.max
2025-09-18 23:40:42,444 INFO [WARNING] Skipping session-13.scope: missing cpu.max
2025-09-18 23:40:42,444 INFO At t=1408551.315080377 docker-2c33733f0ca9fc25b8bb24d1aa0287e7f2db80bf0443edf5a54ce6a22f1c8dfc.scope error 'cpu_stat.throttled_time'
2025-09-18 23:40:42,444 INFO At t=1408551.315080377 cri-containerd-4c96bcb9ea5c3df6153fb2e276cb877bc294d0f0408088d0ad24f9b297426d00.scope error 'cpu_stat.throttled_time'
2025-09-18 23:40:42,444 INFO At t=1408551.315080377 cri-containerd-d4e908f069f96800cb5fed7d11cfc647885739658c62e7fdea5db22b327a11a4.scope error 'cpu_stat.throttled_time'
2025-09-18 23:40:42,444 INFO At t=1408551.315080377 docker-d9cf6ebc715d830fa464165ed6316a76e8c2b0cd5bfb673c8033f8269f9c9188.scope error 'cpu_stat.throttled_time'
2025-09-18 23:40:42,444 INFO At t=1408551.315080377 cri-containerd-dc0571845d4f8a279459c8749c12c4888be6b92fbd178da224f04470d5fa9579.scope error 'cpu_stat.throttled_time'
2025-09-18 23:40:42,445 INFO mean=0.0000, std=0.0000, Target core for docke=0.0000
2025-09-18 23:40:42,445 INFO mean=0.0000, std=0.0000, Target core for cri-c=0.0000
2025-09-18 23:40:42,445 INFO mean=0.0001, std=0.0003, Target core for cri-c=0.0019
2025-09-18 23:40:42,445 INFO At t=1408551.3151, cri-c, curr. spread=0.0027, obs. spread=0.0010, len=10, thresh=0.0004, last_scale_diff=1.0413
2025-09-18 23:40:42,445 INFO At t=1408551.315080377, dts=[0.0, 0.0, 0.0009249999999383363, 0.0, 0.0, 0.0, 0.0002910000000611035, 0.0, 0.0, 0.0], mu=0.0001, std=0.0003
2025-09-18 23:40:42,445 INFO [DEBUG] Found cgroup file: /sys/fs/cgroup/kubepods.slice/kubepods-besteffort.slice/kubepods-besteffort-pod9e7598a9_9f3d_4d31_997c_2aca02cd8561.slice/cri-containerd-d4e908f069f96800cb5fed7d11cfc647885739658c62e7fdea5db22b327a11a4.scope/cpu.max
2025-09-18 23:40:42,446 INFO 2025-09-18 23:40:42.446178 Written cpu.max=1000 100000 to name=cri-containerd-d4e908f069f96800cb5fed7d11cfc647885739658c62e7fdea5db22b327a11a4.scope,(node,pod,container_id)=/sys/fs/cgroup/kubepods.slice/kubepods-besteffort.slice/kubepods-besteffort-pod9e7598a9_9f3d_4d31_997c_2aca02cd8561.slice/cri-containerd-d4e908f069f96800cb5fed7d11cfc647885739658c62e7fdea5db22b327a11a4.scope
2025-09-18 23:40:42,446 INFO mean=0.0000, std=0.0000, Target core for docke=0.0000
2025-09-18 23:40:42,446 INFO mean=0.0000, std=0.0000, Target core for cri-c=0.0000
2025-09-18 23:40:42,446 INFO At 1408551.3359 sleeping for 0.5000 sec ...
2025-09-18 23:40:42,947 INFO At 1408551.8359 woke up
2025-09-18 23:40:42,963 INFO [WARNING] Cgroup v2 file missing for init.scope: /sys/fs/cgroup/user.slice/user-1000.slice/user@1000.service/init.scope/cpu.max
2025-09-18 23:40:42,963 INFO [WARNING] Cgroup v2 file missing for session-2.scope: /sys/fs/cgroup/user.slice/user-1000.slice/session-2.scope/cpu.max
2025-09-18 23:40:42,963 INFO [WARNING] Cgroup v2 file missing for session-467.scope: /sys/fs/cgroup/user.slice/user-1000.slice/session-467.scope/cpu.max
2025-09-18 23:40:42,964 INFO [WARNING] Cgroup v2 file missing for session-468.scope: /sys/fs/cgroup/user.slice/user-1000.slice/session-468.scope/cpu.max
2025-09-18 23:40:42,964 INFO [WARNING] Cgroup v2 file missing for session-1.scope: /sys/fs/cgroup/user.slice/user-1000.slice/session-1.scope/cpu.max
2025-09-18 23:40:42,964 INFO [WARNING] Cgroup v2 file missing for session-13.scope: /sys/fs/cgroup/user.slice/user-1000.slice/session-13.scope/cpu.max
2025-09-18 23:40:42,964 INFO [WARNING] Skipping init.scope: missing cpu.max
2025-09-18 23:40:42,964 INFO [WARNING] Skipping session-2.scope: missing cpu.max
2025-09-18 23:40:42,964 INFO [WARNING] Skipping session-467.scope: missing cpu.max
2025-09-18 23:40:42,964 INFO [WARNING] Skipping session-468.scope: missing cpu.max
2025-09-18 23:40:42,964 INFO [WARNING] Skipping session-1.scope: missing cpu.max
2025-09-18 23:40:42,964 INFO [WARNING] Skipping session-13.scope: missing cpu.max
2025-09-18 23:40:42,965 INFO At t=1408551.835907499 docker-2c33733f0ca9fc25b8bb24d1aa0287e7f2db80bf0443edf5a54ce6a22f1c8dfc.scope error 'cpu_stat.throttled_time'
2025-09-18 23:40:42,965 INFO At t=1408551.835907499 cri-containerd-4c96bcb9ea5c3df6153fb2e276cb877bc294d0f0408088d0ad24f9b297426d00.scope error 'cpu_stat.throttled_time'
2025-09-18 23:40:42,965 INFO At t=1408551.835907499 cri-containerd-d4e908f069f96800cb5fed7d11cfc647885739658c62e7fdea5db22b327a11a4.scope error 'cpu_stat.throttled_time'
2025-09-18 23:40:42,965 INFO At t=1408551.835907499 docker-d9cf6ebc715d830fa464165ed6316a76e8c2b0cd5bfb673c8033f8269f9c9188.scope error 'cpu_stat.throttled_time'
2025-09-18 23:40:42,965 INFO At t=1408551.835907499 cri-containerd-dc0571845d4f8a279459c8749c12c4888be6b92fbd178da224f04470d5fa9579.scope error 'cpu_stat.throttled_time'
2025-09-18 23:40:42,965 INFO mean=0.0000, std=0.0000, Target core for docke=0.0000
2025-09-18 23:40:42,966 INFO mean=0.0000, std=0.0000, Target core for cri-c=0.0000
2025-09-18 23:40:42,966 INFO mean=0.0001, std=0.0003, Target core for cri-c=0.0019
2025-09-18 23:40:42,966 INFO At t=1408551.8359, cri-c, curr. spread=0.0010, obs. spread=0.0010, len=10, thresh=0.0001, last_scale_diff=0.5208
2025-09-18 23:40:42,966 INFO At t=1408551.835907499, dts=[0.0, 0.0009249999999383363, 0.0, 0.0, 0.0, 0.0002910000000611035, 0.0, 0.0, 0.0, 0.0], mu=0.0001, std=0.0003
2025-09-18 23:40:42,966 INFO mean=0.0000, std=0.0000, Target core for docke=0.0000
2025-09-18 23:40:42,967 INFO mean=0.0000, std=0.0000, Target core for cri-c=0.0000
2025-09-18 23:40:42,967 INFO At 1408551.8561 sleeping for 0.5000 sec ...
2025-09-18 23:40:43,467 INFO At 1408552.3561 woke up
2025-09-18 23:40:43,483 INFO [WARNING] Cgroup v2 file missing for init.scope: /sys/fs/cgroup/user.slice/user-1000.slice/user@1000.service/init.scope/cpu.max
2025-09-18 23:40:43,483 INFO [WARNING] Cgroup v2 file missing for session-2.scope: /sys/fs/cgroup/user.slice/user-1000.slice/session-2.scope/cpu.max
2025-09-18 23:40:43,484 INFO [WARNING] Cgroup v2 file missing for session-467.scope: /sys/fs/cgroup/user.slice/user-1000.slice/session-467.scope/cpu.max
2025-09-18 23:40:43,484 INFO [WARNING] Cgroup v2 file missing for session-468.scope: /sys/fs/cgroup/user.slice/user-1000.slice/session-468.scope/cpu.max
2025-09-18 23:40:43,484 INFO [WARNING] Cgroup v2 file missing for session-1.scope: /sys/fs/cgroup/user.slice/user-1000.slice/session-1.scope/cpu.max
2025-09-18 23:40:43,484 INFO [WARNING] Cgroup v2 file missing for session-13.scope: /sys/fs/cgroup/user.slice/user-1000.slice/session-13.scope/cpu.max
2025-09-18 23:40:43,484 INFO [WARNING] Skipping init.scope: missing cpu.max
2025-09-18 23:40:43,484 INFO [WARNING] Skipping session-2.scope: missing cpu.max
2025-09-18 23:40:43,484 INFO [WARNING] Skipping session-467.scope: missing cpu.max
2025-09-18 23:40:43,484 INFO [WARNING] Skipping session-468.scope: missing cpu.max
2025-09-18 23:40:43,484 INFO [WARNING] Skipping session-1.scope: missing cpu.max
2025-09-18 23:40:43,484 INFO [WARNING] Skipping session-13.scope: missing cpu.max
2025-09-18 23:40:43,485 INFO At t=1408552.356119146 docker-2c33733f0ca9fc25b8bb24d1aa0287e7f2db80bf0443edf5a54ce6a22f1c8dfc.scope error 'cpu_stat.throttled_time'
2025-09-18 23:40:43,485 INFO At t=1408552.356119146 cri-containerd-4c96bcb9ea5c3df6153fb2e276cb877bc294d0f0408088d0ad24f9b297426d00.scope error 'cpu_stat.throttled_time'
2025-09-18 23:40:43,485 INFO At t=1408552.356119146 cri-containerd-d4e908f069f96800cb5fed7d11cfc647885739658c62e7fdea5db22b327a11a4.scope error 'cpu_stat.throttled_time'
2025-09-18 23:40:43,485 INFO At t=1408552.356119146 docker-d9cf6ebc715d830fa464165ed6316a76e8c2b0cd5bfb673c8033f8269f9c9188.scope error 'cpu_stat.throttled_time'
2025-09-18 23:40:43,485 INFO At t=1408552.356119146 cri-containerd-dc0571845d4f8a279459c8749c12c4888be6b92fbd178da224f04470d5fa9579.scope error 'cpu_stat.throttled_time'
2025-09-18 23:40:43,486 INFO mean=0.0000, std=0.0000, Target core for docke=0.0000
2025-09-18 23:40:43,486 INFO mean=0.0000, std=0.0000, Target core for cri-c=0.0000
2025-09-18 23:40:43,486 INFO mean=0.0001, std=0.0003, Target core for cri-c=0.0019
2025-09-18 23:40:43,486 INFO At t=1408552.3561, cri-c, curr. spread=0.0010, obs. spread=0.0010, len=10, thresh=0.0001, last_scale_diff=1.0410
2025-09-18 23:40:43,486 INFO At t=1408552.356119146, dts=[0.0009249999999383363, 0.0, 0.0, 0.0, 0.0002910000000611035, 0.0, 0.0, 0.0, 0.0, 0.0], mu=0.0001, std=0.0003
2025-09-18 23:40:43,486 INFO mean=0.0000, std=0.0000, Target core for docke=0.0000
2025-09-18 23:40:43,487 INFO mean=0.0000, std=0.0000, Target core for cri-c=0.0000
2025-09-18 23:40:43,487 INFO At 1408552.3762 sleeping for 0.5000 sec ...
2025-09-18 23:40:43,987 INFO At 1408552.8762 woke up
2025-09-18 23:40:44,004 INFO [WARNING] Cgroup v2 file missing for init.scope: /sys/fs/cgroup/user.slice/user-1000.slice/user@1000.service/init.scope/cpu.max
2025-09-18 23:40:44,004 INFO [WARNING] Cgroup v2 file missing for session-2.scope: /sys/fs/cgroup/user.slice/user-1000.slice/session-2.scope/cpu.max
2025-09-18 23:40:44,004 INFO [WARNING] Cgroup v2 file missing for session-467.scope: /sys/fs/cgroup/user.slice/user-1000.slice/session-467.scope/cpu.max
2025-09-18 23:40:44,004 INFO [WARNING] Cgroup v2 file missing for session-468.scope: /sys/fs/cgroup/user.slice/user-1000.slice/session-468.scope/cpu.max
2025-09-18 23:40:44,004 INFO [WARNING] Cgroup v2 file missing for session-1.scope: /sys/fs/cgroup/user.slice/user-1000.slice/session-1.scope/cpu.max
2025-09-18 23:40:44,004 INFO [WARNING] Cgroup v2 file missing for session-13.scope: /sys/fs/cgroup/user.slice/user-1000.slice/session-13.scope/cpu.max
2025-09-18 23:40:44,004 INFO [WARNING] Skipping init.scope: missing cpu.max
2025-09-18 23:40:44,005 INFO [WARNING] Skipping session-2.scope: missing cpu.max
2025-09-18 23:40:44,005 INFO [WARNING] Skipping session-467.scope: missing cpu.max
2025-09-18 23:40:44,005 INFO [WARNING] Skipping session-468.scope: missing cpu.max
2025-09-18 23:40:44,005 INFO [WARNING] Skipping session-1.scope: missing cpu.max
2025-09-18 23:40:44,005 INFO [WARNING] Skipping session-13.scope: missing cpu.max
2025-09-18 23:40:44,005 INFO At t=1408552.876239575 docker-2c33733f0ca9fc25b8bb24d1aa0287e7f2db80bf0443edf5a54ce6a22f1c8dfc.scope error 'cpu_stat.throttled_time'
2025-09-18 23:40:44,005 INFO At t=1408552.876239575 cri-containerd-4c96bcb9ea5c3df6153fb2e276cb877bc294d0f0408088d0ad24f9b297426d00.scope error 'cpu_stat.throttled_time'
2025-09-18 23:40:44,005 INFO At t=1408552.876239575 cri-containerd-d4e908f069f96800cb5fed7d11cfc647885739658c62e7fdea5db22b327a11a4.scope error 'cpu_stat.throttled_time'
2025-09-18 23:40:44,005 INFO At t=1408552.876239575 docker-d9cf6ebc715d830fa464165ed6316a76e8c2b0cd5bfb673c8033f8269f9c9188.scope error 'cpu_stat.throttled_time'
2025-09-18 23:40:44,006 INFO At t=1408552.876239575 cri-containerd-dc0571845d4f8a279459c8749c12c4888be6b92fbd178da224f04470d5fa9579.scope error 'cpu_stat.throttled_time'
2025-09-18 23:40:44,006 INFO mean=0.0000, std=0.0000, Target core for docke=0.0000
2025-09-18 23:40:44,006 INFO mean=0.0000, std=0.0000, Target core for cri-c=0.0000
2025-09-18 23:40:44,006 INFO mean=0.0001, std=0.0001, Target core for cri-c=0.0008
2025-09-18 23:40:44,006 INFO At t=1408552.8762, cri-c, curr. spread=0.0010, obs. spread=0.0004, len=10, thresh=0.0001, last_scale_diff=1.5612
2025-09-18 23:40:44,007 INFO At t=1408552.876239575, dts=[0.0, 0.0, 0.0, 0.0002910000000611035, 0.0, 0.0, 0.0, 0.0, 0.0, 0.0002729999999928623], mu=0.0001, std=0.0001
2025-09-18 23:40:44,007 INFO [DEBUG] Found cgroup file: /sys/fs/cgroup/kubepods.slice/kubepods-besteffort.slice/kubepods-besteffort-pod9e7598a9_9f3d_4d31_997c_2aca02cd8561.slice/cri-containerd-d4e908f069f96800cb5fed7d11cfc647885739658c62e7fdea5db22b327a11a4.scope/cpu.max
2025-09-18 23:40:44,007 INFO 2025-09-18 23:40:44.007469 Written cpu.max=1000 100000 to name=cri-containerd-d4e908f069f96800cb5fed7d11cfc647885739658c62e7fdea5db22b327a11a4.scope,(node,pod,container_id)=/sys/fs/cgroup/kubepods.slice/kubepods-besteffort.slice/kubepods-besteffort-pod9e7598a9_9f3d_4d31_997c_2aca02cd8561.slice/cri-containerd-d4e908f069f96800cb5fed7d11cfc647885739658c62e7fdea5db22b327a11a4.scope
2025-09-18 23:40:44,007 INFO mean=0.0000, std=0.0000, Target core for docke=0.0000
2025-09-18 23:40:44,008 INFO mean=0.0000, std=0.0000, Target core for cri-c=0.0000
2025-09-18 23:40:44,008 INFO At 1408552.8972 sleeping for 0.5000 sec ...
